AREOPORTO_PARTENZA,AREOPORTO_ARRIVO,tot_allarmi_chiusi,tot_allarmi_generati,tot_allarmi_non_chiusi,tot_allarmi_rilevanti,tot_altro,tot_esito_negativo,tot_mancato_aggiornamento,tot_viaggiatori_con_allarmi,tot_viaggiatori_entrati,tot_viaggiatori_investigati,tot_voli_con_allarmi,tot_voli_disponibili,tot_voli_investigati,tot_voli_solo_visualizzati,CITTA_ARR,CITTA_PARTENZA,PAESE_PART,ZONA,MOTIVO_ALLARME,tot_entrati,tot_investigati,tot_allarmati,n_record,tasso_allarme,alert_rate_alb,alert_rate_afg,pct_naz_alb,pct_naz_afg,alert_rate_visto,alert_rate_passaporto,alert_rate_permesso,alert_rate_carta,pct_segnalato,pct_respinto,pct_fermato,pct_ok
adb,mxp,0,5,0,0,0,0,0,3,0,281,1,0,1,0,milano,smirne,turchia,2,manuale,5.0,5.0,2.0,4.0,0.4,0.0,0.0,0.75,0.0,0.6666666666666666,0.0,0.0,0.0,0.0,0.25,0.25,0.25
add,fco,46,20,0,1,0,0,0,13,3047,0,0,4,0,7,roma,addis ababa,etiopia,5,nsis,1.0,1.0,0.0,1.0,0.0,0.0,0.0,0.0,0.0,0.0,0.0,0.0,0.0,1.0,0.0,0.0,0.0
add,mxp,52,197,0,0,0,0,0,30,663,873,2,1,3,1,milano,addis ababa,etiopia,2,manuale,0.0,0.0,0.0,0.0,0.17504013260736295,0.0,0.0,0.0,0.0,0.0,0.0,0.0,0.0,0.0,0.0,0.0,0.0
aga,bgy,0,16,0,0,0,0,0,0,325,0,0,0,0,1,bergamo,agadir,marocco,2,manuale,0.0,0.0,0.0,0.0,0.17504013260736295,0.0,0.0,0.0,0.0,0.0,0.0,0.0,0.0,0.0,0.0,0.0,0.0
ala,mxp,0,1,0,0,0,0,0,0,0,0,0,0,0,0,milano,almaty,kazakistan,2,sdi,1.0,1.0,0.0,1.0,0.0,0.0,0.0,0.0,1.0,0.0,0.0,0.0,0.0,0.0,0.0,0.0,0.0
alg,fco,21,1,0,1,0,10,0,0,274,35,2,4,2,6,roma,algeri,algeria,5,interpol,0.0,0.0,0.0,0.0,0.17504013260736295,0.0,0.0,0.0,0.0,0.0,0.0,0.0,0.0,0.0,0.0,0.0,0.0
alg,mxp,0,0,0,1,0,19,0,8,148,0,1,0,0,1,milano,algeri,algeria,2,sdi,1.0,1.0,1.0,1.0,1.0,1.0,0.0,1.0,0.0,0.0,0.0,1.0,0.0,0.0,0.0,1.0,0.0
amm,bgy,0,9,0,0,0,0,0,7,368,0,1,2,0,4,bergamo,amman,giordania,2,manuale,16.0,16.0,1.0,6.0,0.0625,0.06666666666666667,0.0,0.8333333333333334,0.0,0.0,0.0,0.0,0.0,0.25,0.0,0.25,0.25
amm,blq,0,0,0,0,0,7,0,0,0,0,0,0,0,0,bologna,amman,giordania,8,manuale,4.0,4.0,0.0,3.0,0.0,0.0,0.0,1.0,0.0,0.0,0.0,0.0,0.0,0.0,0.0,0.5,0.5
amm,cia,0,0,0,0,0,0,0,0,146,0,0,1,0,1,roma,amman,giordania,5,nsis,2.0,2.0,0.0,2.0,0.0,0.0,0.0,1.0,0.0,0.0,0.0,0.0,0.0,1.0,0.0,0.0,0.0
amm,fco,0,1,0,1,0,0,0,0,576,0,1,3,0,1,roma,amman,giordania,5,tsc,10.0,0.0,0.0,4.0,0.17504013260736295,0.0,0.0,0.5,0.25,0.0,0.0,0.0,0.0,0.25,0.0,0.0,0.25
amm,mxp,3,0,0,0,0,0,0,3,91,82,2,1,1,2,milano,amman,giordania,2,interpol,4.0,4.0,0.0,3.0,0.0,0.0,0.0,0.3333333333333333,0.6666666666666666,0.0,0.0,0.0,0.0,0.5,0.0,0.0,0.0
amm,tsf,0,0,0,0,0,0,0,0,0,239,0,2,0,0,treviso,amman,giordania,4,manuale,2.0,2.0,0.0,2.0,0.0,0.0,0.0,0.5,0.0,0.0,0.0,0.0,0.0,0.0,0.0,0.0,0.0
anu,lin,0,0,0,0,0,0,0,0,0,0,0,0,0,1,milano,st. john's,antigua e barbuda,2,interpol,0.0,0.0,0.0,0.0,0.17504013260736295,0.0,0.0,0.0,0.0,0.0,0.0,0.0,0.0,0.0,0.0,0.0,0.0
atl,fco,0,12,0,0,0,1,0,9,326,817,1,1,0,2,roma,atlanta,stati uniti,5,tsc,1.0,1.0,0.0,1.0,0.0,0.0,0.0,1.0,0.0,0.0,0.0,0.0,0.0,0.0,0.0,0.0,1.0
atl,mxp,0,0,0,0,0,0,0,0,205,0,0,0,0,0,milano,atlanta,stati uniti,2,interpol,0.0,0.0,0.0,0.0,0.17504013260736295,0.0,0.0,0.0,0.0,0.0,0.0,0.0,0.0,0.0,0.0,0.0,0.0
atq,mxp,10,0,0,0,0,0,0,0,0,0,1,0,1,0,milano,amritsar,india,2,manuale,0.0,0.0,0.0,0.0,0.17504013260736295,0.0,0.0,0.0,0.0,0.0,0.0,0.0,0.0,0.0,0.0,0.0,0.0
auh,cta,0,0,0,0,0,1,0,0,0,175,0,1,1,0,catania,abu dhabi,emirati arabi uniti,7,interpol,3.0,3.0,0.0,2.0,0.0,0.0,0.0,1.0,0.0,0.0,0.0,0.0,0.0,0.0,0.0,0.0,0.0
auh,fco,19,63,0,0,0,31,0,37,2285,634,3,3,2,6,roma,abu dhabi,emirati arabi uniti,5,interpol,56.0,37.0,6.0,26.0,0.16216216216216217,0.18518518518518517,0.0,0.8076923076923077,0.0,0.4,0.14285714285714285,0.0,0.5,0.14285714285714285,0.23809523809523808,0.14285714285714285,0.19047619047619047
auh,mxp,0,93,0,1,0,0,0,104,284,2282,6,2,3,3,milano,abu dhabi,emirati arabi uniti,2,manuale,9.0,9.0,1.0,8.0,0.1111111111111111,0.1111111111111111,0.0,1.0,0.0,0.0,0.0,0.0,0.0,0.5,0.16666666666666666,0.0,0.16666666666666666
bah,fco,0,4,0,0,0,0,0,0,164,0,1,0,2,0,roma,manama,bahrain,5,manuale,0.0,0.0,0.0,0.0,0.17504013260736295,0.0,0.0,0.0,0.0,0.0,0.0,0.0,0.0,0.0,0.0,0.0,0.0
bah,mxp,0,23,0,0,0,0,0,35,322,158,1,0,0,2,milano,manama,bahrain,2,sdi,0.0,0.0,0.0,0.0,0.17504013260736295,0.0,0.0,0.0,0.0,0.0,0.0,0.0,0.0,0.0,0.0,0.0,0.0
beg,bgy,0,0,0,0,0,0,0,0,0,158,1,0,0,1,bergamo,belgrado,serbia,2,interpol,1.0,1.0,0.0,1.0,0.0,0.0,0.0,1.0,0.0,0.0,0.0,0.0,0.0,0.0,0.0,0.0,1.0
beg,blq,0,0,0,0,0,1,0,0,48,0,0,1,1,0,bologna,belgrado,serbia,8,interpol,2.0,2.0,1.0,1.0,0.5,0.5,0.0,1.0,0.0,0.0,0.0,0.0,0.0,1.0,0.0,0.0,0.0
beg,cia,0,0,0,0,0,0,0,0,0,0,0,1,1,1,roma,belgrado,serbia,5,tsc,0.0,0.0,0.0,0.0,0.17504013260736295,0.0,0.0,0.0,0.0,0.0,0.0,0.0,0.0,0.0,0.0,0.0,0.0
beg,fco,0,29,0,0,0,0,1,8,697,477,5,4,6,3,roma,belgrado,serbia,5,interpol,6.0,6.0,2.0,4.0,0.3333333333333333,0.3333333333333333,0.0,1.0,0.0,0.0,0.5,0.0,0.5,0.0,0.3333333333333333,0.0,0.6666666666666666
beg,lin,0,0,0,0,0,0,0,0,0,6,0,1,0,0,milano,belgrado,serbia,2,nsis,0.0,0.0,0.0,0.0,0.17504013260736295,0.0,0.0,0.0,0.0,0.0,0.0,0.0,0.0,0.0,0.0,0.0,0.0
beg,mxp,0,7,0,0,0,4,0,7,87,51,0,9,5,2,milano,belgrado,serbia,2,interpol,5.0,5.0,1.0,5.0,0.2,0.25,0.0,0.8,0.2,0.0,0.0,0.5,0.0,0.2,0.0,0.2,0.2
beg,psa,0,0,0,0,0,0,0,0,3,0,0,0,0,0,pisa,belgrado,serbia,8,,0.0,0.0,0.0,0.0,0.17504013260736295,0.0,0.0,0.0,0.0,0.0,0.0,0.0,0.0,0.0,0.0,0.0,0.0
beg,trs,0,0,0,0,0,0,0,0,1,0,0,0,0,0,trieste,belgrado,serbia,4,manuale,0.0,0.0,0.0,0.0,0.17504013260736295,0.0,0.0,0.0,0.0,0.0,0.0,0.0,0.0,0.0,0.0,0.0,0.0
beg,vce,8,0,0,0,0,0,0,0,0,0,0,0,1,0,venezia,belgrado,serbia,4,sdi,6.0,6.0,2.0,3.0,0.3333333333333333,0.4,0.0,0.6666666666666666,0.3333333333333333,0.0,0.0,0.25,0.0,0.5,0.5,0.0,0.0
beg,vrn,0,0,0,0,0,0,0,0,8,0,0,0,0,0,verona,belgrado,serbia,4,sdi,0.0,0.0,0.0,0.0,0.17504013260736295,0.0,0.0,0.0,0.0,0.0,0.0,0.0,0.0,0.0,0.0,0.0,0.0
bey,fco,0,12,0,0,0,0,0,7,0,129,0,1,0,1,roma,beirut,libano,5,interpol,0.0,0.0,0.0,0.0,0.17504013260736295,0.0,0.0,0.0,0.0,0.0,0.0,0.0,0.0,0.0,0.0,0.0,0.0
bfs,bgy,0,1,0,0,0,0,0,0,0,0,0,1,0,0,bergamo,belfast,regno unito,2,,10.0,10.0,2.0,6.0,0.2,0.2,0.0,1.0,0.0,0.0,1.0,0.0,0.0,0.0,0.4,0.2,0.4
bhx,bgy,0,0,0,0,0,12,0,0,146,0,0,1,0,2,bergamo,birmingham,regno unito,2,manuale,15.0,15.0,1.0,9.0,0.06666666666666667,0.08333333333333333,0.0,0.7777777777777778,0.0,0.0,0.0,0.0,0.0,0.5,0.25,0.0,0.25
bhx,fco,0,0,0,0,0,0,0,0,532,558,0,0,1,0,roma,birmingham,regno unito,5,tsc,0.0,0.0,0.0,0.0,0.17504013260736295,0.0,0.0,0.0,0.0,0.0,0.0,0.0,0.0,0.0,0.0,0.0,0.0
bhx,mxp,0,8,0,0,0,0,0,3,0,0,0,1,0,1,milano,birmingham,regno unito,2,sdi,4.0,4.0,1.0,4.0,0.25,0.3333333333333333,0.0,0.75,0.0,0.0,0.0,0.0,0.0,0.0,0.0,0.0,0.0
bhx,trn,0,1,0,0,0,0,0,5,307,0,0,0,0,2,torino,birmingham,regno unito,1,interpol,6.0,6.0,1.0,6.0,0.16666666666666666,0.16666666666666666,0.0,1.0,0.0,0.5,0.0,0.0,0.0,0.6666666666666666,0.0,0.0,0.0
bhx,vce,5,24,0,0,0,0,0,0,142,0,2,2,0,2,venezia,birmingham,regno unito,4,interpol,10.0,10.0,3.0,7.0,0.3,0.0,0.5,0.42857142857142855,0.5714285714285714,1.0,0.0,0.3333333333333333,0.0,0.4,0.2,0.0,0.2
bhx,vrn,0,0,0,0,0,0,0,0,0,0,1,1,1,1,verona,birmingham,regno unito,4,tsc,6.0,6.0,3.0,5.0,0.5,0.4,1.0,0.8,0.2,0.0,0.5,1.0,0.0,0.0,0.25,0.0,0.5
bos,fco,0,0,0,0,0,0,0,0,282,272,0,0,0,0,roma,boston,stati uniti,5,interpol,3.0,2.0,0.0,2.0,0.0,0.0,0.0,1.0,0.0,0.0,0.0,0.0,0.0,0.5,0.0,0.5,0.0
bqh,blq,0,1,0,0,0,0,0,0,0,0,0,0,0,0,bologna,londra,regno unito,8,tsc,0.0,0.0,0.0,0.0,0.17504013260736295,0.0,0.0,0.0,0.0,0.0,0.0,0.0,0.0,0.0,0.0,0.0,0.0
bqh,cia,0,0,0,0,0,0,0,0,0,0,0,1,0,0,roma,londra,regno unito,5,manuale,0.0,0.0,0.0,0.0,0.17504013260736295,0.0,0.0,0.0,0.0,0.0,0.0,0.0,0.0,0.0,0.0,0.0,0.0
bqh,flr,0,0,0,0,0,0,0,0,0,0,0,0,0,1,firenze,londra,regno unito,8,nsis,0.0,0.0,0.0,0.0,0.17504013260736295,0.0,0.0,0.0,0.0,0.0,0.0,0.0,0.0,0.0,0.0,0.0,0.0
bqh,lin,0,0,0,0,0,0,0,0,0,0,0,0,0,0,milano,londra,regno unito,2,tsc,0.0,0.0,0.0,0.0,0.17504013260736295,0.0,0.0,0.0,0.0,0.0,0.0,0.0,0.0,0.0,0.0,0.0,0.0
bqh,trn,0,0,0,0,0,0,0,0,0,0,0,1,0,0,torino,londra,regno unito,1,,0.0,0.0,0.0,0.0,0.17504013260736295,0.0,0.0,0.0,0.0,0.0,0.0,0.0,0.0,0.0,0.0,0.0,0.0
bqh,vbs,0,0,0,0,0,0,0,0,7,0,0,0,0,0,brescia,londra,regno unito,2,interpol,0.0,0.0,0.0,0.0,0.17504013260736295,0.0,0.0,0.0,0.0,0.0,0.0,0.0,0.0,0.0,0.0,0.0,0.0
bqh,vrn,0,0,0,0,0,0,0,0,0,0,0,0,1,1,verona,londra,regno unito,4,nsis,0.0,0.0,0.0,0.0,0.17504013260736295,0.0,0.0,0.0,0.0,0.0,0.0,0.0,0.0,0.0,0.0,0.0,0.0
brs,bgy,0,0,0,0,0,0,0,8,0,0,2,1,0,2,bergamo,bristol,regno unito,2,sdi,17.0,17.0,1.0,8.0,0.058823529411764705,0.058823529411764705,0.0,1.0,0.0,0.0,0.0,0.0,0.2,0.0,0.0,0.6,0.0
brs,fco,3,0,0,0,0,0,0,0,336,0,0,2,1,1,roma,bristol,regno unito,5,manuale,6.0,5.0,2.0,5.0,0.4,0.4,0.0,1.0,0.0,0.0,0.0,1.0,0.0,0.0,0.0,0.25,0.25
brs,mxp,5,1,0,0,0,0,0,3,0,0,0,1,1,0,milano,bristol,regno unito,2,interpol,6.0,6.0,1.0,3.0,0.16666666666666666,0.16666666666666666,0.0,1.0,0.0,0.0,0.0,0.0,1.0,0.0,0.5,0.0,0.0
brs,psa,0,0,0,0,0,0,0,2,160,0,0,0,2,0,pisa,bristol,regno unito,8,interpol,1.0,1.0,1.0,1.0,1.0,1.0,0.0,1.0,0.0,0.0,1.0,0.0,0.0,0.0,0.0,0.0,0.0
brs,trn,0,0,0,0,0,0,0,3,88,0,1,1,1,0,torino,bristol,regno unito,1,nsis,3.0,3.0,1.0,3.0,0.3333333333333333,0.3333333333333333,0.0,1.0,0.0,0.0,1.0,0.0,0.0,0.3333333333333333,0.3333333333333333,0.3333333333333333,0.0
brs,vce,0,4,0,0,0,0,0,0,146,164,3,1,5,0,venezia,bristol,regno unito,4,interpol,8.0,8.0,2.0,4.0,0.25,0.25,0.0,1.0,0.0,0.0,0.0,0.0,1.0,0.25,0.0,0.0,0.5
brs,vrn,0,0,0,0,0,0,0,0,335,188,0,0,0,0,verona,bristol,regno unito,4,sdi,0.0,0.0,0.0,0.0,0.17504013260736295,0.0,0.0,0.0,0.0,0.0,0.0,0.0,0.0,0.0,0.0,0.0,0.0
cai,bgy,0,169,0,0,0,95,0,86,458,423,0,6,0,1,bergamo,cairo,egitto,2,interpol,7.0,7.0,2.0,5.0,0.2857142857142857,0.4,0.0,0.6,0.0,0.0,1.0,0.25,0.0,0.5,0.0,0.0,0.5
cai,fco,27,42,0,2,0,28,0,7,807,215,7,8,6,6,roma,cairo,egitto,5,interpol,7.0,7.0,0.0,5.0,0.0,0.0,0.0,0.8,0.0,0.0,0.0,0.0,0.0,0.0,0.0,0.3333333333333333,0.3333333333333333
cai,mxp,41,146,0,0,1,7,0,133,907,1069,10,5,6,5,milano,cairo,egitto,2,tsc,6.0,6.0,0.0,5.0,0.0,0.0,0.0,0.6,0.0,0.0,0.0,0.0,0.0,0.0,0.0,0.2,0.2
can,fco,0,0,0,2,0,0,0,0,0,0,1,1,0,0,roma,guangzhou,cina,5,manuale,5.0,5.0,0.0,3.0,0.0,0.0,0.0,1.0,0.0,0.0,0.0,0.0,0.0,0.5,0.5,0.0,0.0
cgo,mxp,0,0,0,0,1,0,0,18,0,0,0,0,1,1,milano,zhengzhou,cina,2,nsis,0.0,0.0,0.0,0.0,0.17504013260736295,0.0,0.0,0.0,0.0,0.0,0.0,0.0,0.0,0.0,0.0,0.0,0.0
ckg,fco,0,21,0,0,0,0,0,0,328,0,0,0,0,0,roma,chongqing,cina,5,interpol,0.0,0.0,0.0,0.0,0.17504013260736295,0.0,0.0,0.0,0.0,0.0,0.0,0.0,0.0,0.0,0.0,0.0,0.0
cmn,bgy,49,87,0,0,0,0,0,98,163,0,1,2,2,1,bergamo,casablanca,marocco,2,manuale,1.0,1.0,0.0,1.0,0.0,0.0,0.0,1.0,0.0,0.0,0.0,0.0,0.0,0.0,0.0,1.0,0.0
cmn,blq,44,70,0,3,1,83,0,75,295,335,1,4,3,5,bologna,casablanca,marocco,8,sdi,3.0,3.0,2.0,3.0,0.6666666666666666,0.6666666666666666,0.0,1.0,0.0,0.0,0.0,1.0,1.0,0.0,0.6666666666666666,0.0,0.0
cmn,cta,89,0,0,0,0,0,0,28,121,141,0,0,0,1,catania,casablanca,marocco,7,interpol,0.0,0.0,0.0,0.0,0.17504013260736295,0.0,0.0,0.0,0.0,0.0,0.0,0.0,0.0,0.0,0.0,0.0,0.0
cmn,cuf,0,0,0,2,0,0,0,0,0,165,1,1,0,2,cuneo,casablanca,marocco,1,sdi,2.0,2.0,0.0,2.0,0.0,0.0,0.0,1.0,0.0,0.0,0.0,0.0,0.0,0.0,0.0,0.0,0.0
cmn,fco,66,0,0,3,0,49,0,89,140,255,2,4,2,2,roma,casablanca,marocco,5,interpol,6.0,6.0,1.0,3.0,0.16666666666666666,0.25,0.0,0.6666666666666666,0.0,0.0,0.0,0.0,0.0,0.0,0.3333333333333333,0.0,0.3333333333333333
cmn,mxp,19,0,0,0,0,0,0,47,462,508,3,4,4,2,milano,casablanca,marocco,2,manuale,2.0,2.0,0.0,2.0,0.0,0.0,0.0,1.0,0.0,0.0,0.0,0.0,0.0,0.0,0.0,0.0,1.0
cmn,nap,0,0,0,0,0,0,0,0,149,0,0,1,0,3,napoli,casablanca,marocco,6,interpol,0.0,0.0,0.0,0.0,0.17504013260736295,0.0,0.0,0.0,0.0,0.0,0.0,0.0,0.0,0.0,0.0,0.0,0.0
cmn,psa,0,0,0,0,0,54,0,0,0,0,1,1,0,0,pisa,casablanca,marocco,8,nsis,3.0,3.0,1.0,2.0,0.3333333333333333,0.3333333333333333,0.0,1.0,0.0,0.0,0.0,0.0,0.0,0.5,0.0,0.5,0.0
cmn,trn,49,0,0,0,0,0,0,0,0,0,0,1,3,0,torino,casablanca,marocco,1,nsis,0.0,0.0,0.0,0.0,0.17504013260736295,0.0,0.0,0.0,0.0,0.0,0.0,0.0,0.0,0.0,0.0,0.0,0.0
cmn,vce,27,147,0,0,0,0,0,52,0,155,2,0,1,1,venezia,casablanca,marocco,4,sdi,0.0,0.0,0.0,0.0,0.17504013260736295,0.0,0.0,0.0,0.0,0.0,0.0,0.0,0.0,0.0,0.0,0.0,0.0
cun,fco,0,0,0,2,0,0,0,0,0,0,0,0,0,0,roma,cancun,messico,5,sdi,0.0,0.0,0.0,0.0,0.17504013260736295,0.0,0.0,0.0,0.0,0.0,0.0,0.0,0.0,0.0,0.0,0.0,0.0
cun,mxp,0,0,0,0,0,0,0,0,0,0,0,0,0,1,milano,cancun,messico,2,nsis,3.0,3.0,1.0,3.0,0.3333333333333333,0.3333333333333333,0.0,1.0,0.0,0.0,0.0,0.0,0.0,0.0,0.0,0.0,1.0
del,fco,17,14,0,0,0,34,0,22,487,288,1,5,3,2,roma,nuova delhi,india,5,manuale,2.0,2.0,0.0,2.0,0.0,0.0,0.0,0.5,0.5,0.0,0.0,0.0,0.0,0.0,0.0,0.0,0.0
del,mxp,27,0,0,0,0,24,0,0,264,0,0,0,1,1,milano,nuova delhi,india,2,interpol,3.0,3.0,1.0,3.0,0.3333333333333333,0.5,0.0,0.6666666666666666,0.0,0.0,0.5,0.0,0.0,0.0,1.0,0.0,0.0
dfw,fco,0,5,0,0,0,0,0,0,0,132,2,3,1,0,roma,dallas-fort worth,stati uniti,5,sdi,1.0,1.0,0.0,1.0,0.0,0.0,0.0,1.0,0.0,0.0,0.0,0.0,0.0,0.0,0.0,0.0,0.0
dmm,fco,0,0,0,0,0,0,0,0,322,0,1,0,0,1,roma,dammam,arabia saudita,5,interpol,1.0,1.0,1.0,1.0,1.0,0.0,1.0,0.0,1.0,0.0,0.0,0.0,0.0,1.0,0.0,0.0,0.0
doh,fco,52,60,0,0,0,44,0,23,643,581,9,4,1,7,roma,doha,qatar,5,nsis,3.0,3.0,1.0,3.0,0.3333333333333333,0.0,1.0,0.3333333333333333,0.3333333333333333,0.5,0.0,0.0,0.0,0.0,0.0,1.0,0.0
doh,mxp,43,102,0,0,0,63,0,146,1566,1527,6,6,7,5,milano,doha,qatar,2,manuale,6.0,6.0,1.0,5.0,0.16666666666666666,0.16666666666666666,0.0,1.0,0.0,0.0,0.0,1.0,0.0,0.0,0.0,0.0,0.5
dss,fco,0,0,0,0,0,72,0,0,0,0,0,0,0,0,roma,dakar,senegal,5,,0.0,0.0,0.0,0.0,0.17504013260736295,0.0,0.0,0.0,0.0,0.0,0.0,0.0,0.0,0.0,0.0,0.0,0.0
dss,mxp,0,0,0,0,1,3,1,79,296,291,1,0,1,1,milano,dakar,senegal,2,sdi,2.0,2.0,0.0,1.0,0.0,0.0,0.0,0.0,1.0,0.0,0.0,0.0,0.0,0.0,0.0,0.0,0.0
dwc,cia,0,0,0,0,0,0,0,0,1,0,0,0,0,0,roma,dubai,emirati arabi uniti,5,,0.0,0.0,0.0,0.0,0.17504013260736295,0.0,0.0,0.0,0.0,0.0,0.0,0.0,0.0,0.0,0.0,0.0,0.0
dwc,fco,0,12,0,0,0,0,0,0,185,0,0,1,0,0,roma,dubai,emirati arabi uniti,5,manuale,1.0,1.0,0.0,1.0,0.0,0.0,0.0,1.0,0.0,0.0,0.0,0.0,0.0,0.0,0.0,0.0,0.0
dwc,mxp,0,15,0,0,0,0,0,30,0,0,0,0,0,0,milano,dubai,emirati arabi uniti,2,interpol,3.0,3.0,1.0,1.0,0.3333333333333333,0.3333333333333333,0.0,1.0,0.0,0.3333333333333333,0.0,0.0,0.0,0.0,0.0,0.0,0.0
dwc,pmo,0,0,0,0,0,0,0,0,185,0,0,0,0,0,palermo,dubai,emirati arabi uniti,7,sdi,0.0,0.0,0.0,0.0,0.17504013260736295,0.0,0.0,0.0,0.0,0.0,0.0,0.0,0.0,0.0,0.0,0.0,0.0
dwc,vce,0,1,0,0,0,0,0,0,0,0,0,0,0,0,venezia,dubai,emirati arabi uniti,4,interpol,0.0,0.0,0.0,0.0,0.17504013260736295,0.0,0.0,0.0,0.0,0.0,0.0,0.0,0.0,0.0,0.0,0.0,0.0
dxb,bgy,0,10,0,3,0,0,0,32,277,521,1,3,0,2,bergamo,dubai,emirati arabi uniti,2,sdi,48.0,48.0,12.0,20.0,0.25,0.39285714285714285,0.0,0.6,0.0,0.0,0.3333333333333333,0.1111111111111111,0.75,0.2222222222222222,0.1111111111111111,0.3333333333333333,0.2222222222222222
dxb,blq,47,103,0,6,0,28,0,40,299,354,0,0,2,2,bologna,dubai,emirati arabi uniti,8,sdi,23.0,22.0,7.0,14.0,0.3181818181818182,0.3333333333333333,0.0,0.9285714285714286,0.0,0.0,0.0,0.3333333333333333,0.38461538461538464,0.3,0.2,0.1,0.3
dxb,cta,18,0,0,3,0,0,0,43,207,108,0,0,1,2,catania,dubai,emirati arabi uniti,7,sdi,0.0,0.0,0.0,0.0,0.17504013260736295,0.0,0.0,0.0,0.0,0.0,0.0,0.0,0.0,0.0,0.0,0.0,0.0
dxb,fco,122,114,0,0,0,37,0,10,850,328,1,2,2,3,roma,dubai,emirati arabi uniti,5,sdi,44.0,39.0,10.0,25.0,0.2564102564102564,0.26666666666666666,0.25,0.72,0.16,0.16666666666666666,0.0,0.2,0.5,0.2777777777777778,0.2222222222222222,0.16666666666666666,0.05555555555555555
dxb,lin,0,1,0,0,0,0,0,0,0,0,0,0,0,0,milano,dubai,emirati arabi uniti,2,interpol,0.0,0.0,0.0,0.0,0.17504013260736295,0.0,0.0,0.0,0.0,0.0,0.0,0.0,0.0,0.0,0.0,0.0,0.0
dxb,mxp,48,59,0,5,0,22,0,131,1047,276,4,1,1,6,milano,dubai,emirati arabi uniti,2,sdi,64.0,64.0,25.0,38.0,0.390625,0.39344262295081966,0.0,0.9210526315789473,0.02631578947368421,0.42857142857142855,0.2,0.5,0.6666666666666666,0.2727272727272727,0.3181818181818182,0.09090909090909091,0.18181818181818182
dxb,nap,4,30,0,0,0,0,0,21,444,72,3,4,2,1,napoli,dubai,emirati arabi uniti,6,manuale,8.0,8.0,0.0,3.0,0.0,0.0,0.0,1.0,0.0,0.0,0.0,0.0,0.0,0.0,0.0,0.0,1.0
dxb,psa,0,7,0,0,0,0,0,32,0,0,0,1,1,1,pisa,dubai,emirati arabi uniti,8,manuale,5.0,5.0,2.0,4.0,0.4,0.4,0.0,1.0,0.0,0.5,1.0,0.0,0.0,0.6666666666666666,0.0,0.3333333333333333,0.0
dxb,vce,20,83,0,0,0,38,0,74,559,0,3,3,1,2,venezia,dubai,emirati arabi uniti,4,nsis,2.0,2.0,1.0,2.0,0.5,1.0,0.0,0.5,0.5,0.0,1.0,0.0,0.0,0.0,0.0,0.0,1.0
edi,bgy,0,4,0,0,0,6,0,0,0,343,2,3,3,4,bergamo,edinburgh,regno unito,2,manuale,5.0,5.0,1.0,4.0,0.2,0.2,0.0,1.0,0.0,0.0,0.5,0.0,0.0,0.0,0.0,0.0,0.0
edi,cia,2,0,0,0,0,0,0,4,0,0,1,0,0,0,roma,edinburgh,regno unito,5,interpol,2.0,2.0,0.0,1.0,0.0,0.0,0.0,1.0,0.0,0.0,0.0,0.0,0.0,0.0,0.0,0.0,0.0
edi,mxp,5,0,0,0,0,4,0,0,295,0,1,1,0,0,milano,edinburgh,regno unito,2,interpol,4.0,4.0,1.0,2.0,0.25,0.25,0.0,1.0,0.0,0.0,0.0,0.0,0.0,0.0,0.0,1.0,0.0
edi,nap,0,0,0,0,0,4,0,9,0,342,0,0,0,0,napoli,edinburgh,regno unito,6,tsc,1.0,1.0,0.0,1.0,0.0,0.0,0.0,1.0,0.0,0.0,0.0,0.0,0.0,0.0,0.0,1.0,0.0
edi,pmf,0,0,0,0,0,0,0,0,0,0,0,1,0,0,parma,edinburgh,regno unito,8,interpol,0.0,0.0,0.0,0.0,0.17504013260736295,0.0,0.0,0.0,0.0,0.0,0.0,0.0,0.0,0.0,0.0,0.0,0.0
edi,trn,0,0,0,0,0,0,0,0,0,0,0,1,0,0,torino,edinburgh,regno unito,1,,0.0,0.0,0.0,0.0,0.17504013260736295,0.0,0.0,0.0,0.0,0.0,0.0,0.0,0.0,0.0,0.0,0.0,0.0
edi,vce,0,15,0,0,0,0,0,4,315,312,0,2,2,2,venezia,edinburgh,regno unito,4,tsc,0.0,0.0,0.0,0.0,0.17504013260736295,0.0,0.0,0.0,0.0,0.0,0.0,0.0,0.0,0.0,0.0,0.0,0.0
ema,bgy,0,0,0,0,2,16,0,27,179,169,0,2,0,1,bergamo,derby,regno unito,2,sdi,10.0,10.0,2.0,6.0,0.2,0.2222222222222222,0.0,0.8333333333333334,0.0,0.0,0.0,0.0,1.0,0.4,0.2,0.2,0.0
ema,cia,0,0,0,0,0,0,0,0,134,102,3,0,1,0,roma,derby,regno unito,5,interpol,0.0,0.0,0.0,0.0,0.17504013260736295,0.0,0.0,0.0,0.0,0.0,0.0,0.0,0.0,0.0,0.0,0.0,0.0
ema,trn,0,0,0,0,0,0,0,0,0,183,0,1,1,0,torino,derby,regno unito,1,manuale,0.0,0.0,0.0,0.0,0.17504013260736295,0.0,0.0,0.0,0.0,0.0,0.0,0.0,0.0,0.0,0.0,0.0,0.0
evn,fco,0,0,0,1,0,0,0,7,116,0,0,1,0,4,roma,yerevan,armenia,5,nsis,3.0,1.0,1.0,3.0,1.0,1.0,0.0,0.6666666666666666,0.0,0.0,0.0,0.0,0.0,0.3333333333333333,0.0,0.3333333333333333,0.0
evn,mxp,6,5,0,0,0,0,0,6,155,228,2,0,2,1,milano,yerevan,armenia,2,interpol,4.0,4.0,0.0,3.0,0.0,0.0,0.0,1.0,0.0,0.0,0.0,0.0,0.0,0.0,0.0,0.3333333333333333,0.0
evn,vce,0,20,0,0,0,2,0,0,90,0,0,0,2,0,venezia,yerevan,armenia,4,tsc,1.0,1.0,1.0,1.0,1.0,1.0,0.0,1.0,0.0,0.0,0.0,1.0,0.0,0.0,1.0,0.0,0.0
ewr,fco,3,15,0,0,0,4,0,14,538,499,4,1,4,1,roma,newark,stati uniti,5,interpol,11.0,9.0,1.0,8.0,0.1111111111111111,0.1111111111111111,0.0,1.0,0.0,0.0,0.0,0.16666666666666666,0.0,0.0,0.6666666666666666,0.0,0.3333333333333333
ewr,mxp,6,21,0,0,0,8,0,5,870,761,1,2,2,5,milano,newark,stati uniti,2,manuale,30.0,30.0,5.0,20.0,0.16666666666666666,0.1111111111111111,0.0,0.85,0.0,0.25,0.0,0.4,0.2,0.1,0.3,0.2,0.2
eze,fco,11,0,0,0,0,9,0,0,1028,2142,1,3,4,4,roma,buenos aires,argentina,5,tsc,0.0,0.0,0.0,0.0,0.17504013260736295,0.0,0.0,0.0,0.0,0.0,0.0,0.0,0.0,0.0,0.0,0.0,0.0
fab,bzo,0,0,0,0,0,0,0,0,0,0,0,1,0,0,bolzano,farnborough,regno unito,4,interpol,0.0,0.0,0.0,0.0,0.17504013260736295,0.0,0.0,0.0,0.0,0.0,0.0,0.0,0.0,0.0,0.0,0.0,0.0
fab,lin,0,0,0,0,0,0,0,0,4,0,0,2,0,0,milano,farnborough,regno unito,2,manuale,0.0,0.0,0.0,0.0,0.17504013260736295,0.0,0.0,0.0,0.0,0.0,0.0,0.0,0.0,0.0,0.0,0.0,0.0
fab,mxp,0,0,0,0,0,0,0,0,0,0,0,0,0,1,milano,farnborough,regno unito,2,sdi,0.0,0.0,0.0,0.0,0.17504013260736295,0.0,0.0,0.0,0.0,0.0,0.0,0.0,0.0,0.0,0.0,0.0,0.0
fab,olb,0,0,0,0,0,0,0,0,0,0,0,0,0,1,olbia,farnborough,regno unito,5,sdi,0.0,0.0,0.0,0.0,0.17504013260736295,0.0,0.0,0.0,0.0,0.0,0.0,0.0,0.0,0.0,0.0,0.0,0.0
fez,bgy,25,103,0,0,0,40,0,19,189,0,1,0,0,1,bergamo,fes,marocco,2,nsis,2.0,2.0,1.0,1.0,0.5,0.5,0.0,1.0,0.0,0.0,0.0,0.5,0.0,0.0,0.0,0.0,0.0
gig,fco,0,11,0,2,0,5,0,0,519,511,2,1,1,2,roma,rio de janeiro,brasile,5,tsc,5.0,5.0,0.0,3.0,0.0,0.0,0.0,1.0,0.0,0.0,0.0,0.0,0.0,0.0,0.0,0.0,1.0
gla,fco,0,1,0,0,0,0,0,0,173,0,0,1,1,0,roma,glasgow,regno unito,5,sdi,1.0,1.0,0.0,1.0,0.0,0.0,0.0,1.0,0.0,0.0,0.0,0.0,0.0,0.0,1.0,0.0,0.0
gla,trn,0,0,0,0,0,0,0,2,0,165,0,1,1,0,torino,glasgow,regno unito,1,nsis,0.0,0.0,0.0,0.0,0.17504013260736295,0.0,0.0,0.0,0.0,0.0,0.0,0.0,0.0,0.0,0.0,0.0,0.0
gla,vrn,0,1,0,0,0,0,0,0,0,0,0,0,1,0,verona,glasgow,regno unito,4,manuale,0.0,0.0,0.0,0.0,0.17504013260736295,0.0,0.0,0.0,0.0,0.0,0.0,0.0,0.0,0.0,0.0,0.0,0.0
gru,fco,8,18,1,1,0,17,0,19,1843,1112,2,4,2,2,roma,san paolo,brasile,5,nsis,1.0,0.0,0.0,1.0,0.17504013260736295,0.0,0.0,1.0,0.0,0.0,0.0,0.0,0.0,0.0,0.0,0.0,0.0
gru,mxp,0,0,0,0,1,0,0,26,784,0,1,1,1,2,milano,san paolo,brasile,2,sdi,2.0,2.0,2.0,2.0,1.0,1.0,0.0,1.0,0.0,1.0,0.0,0.0,0.0,0.0,0.0,0.0,0.0
gyd,fco,0,0,0,0,0,0,0,1,0,0,0,0,0,4,roma,baku,azerbaigian,5,manuale,5.0,1.0,0.0,5.0,0.0,0.0,0.0,1.0,0.0,0.0,0.0,0.0,0.0,0.2,0.0,0.0,0.8
gyd,mxp,5,7,0,0,0,0,0,17,0,0,3,0,0,1,milano,baku,azerbaigian,2,sdi,0.0,0.0,0.0,0.0,0.17504013260736295,0.0,0.0,0.0,0.0,0.0,0.0,0.0,0.0,0.0,0.0,0.0,0.0
hgh,fco,0,0,0,0,0,0,0,62,0,238,0,2,0,2,roma,hangzhou,cina,5,manuale,2.0,2.0,0.0,1.0,0.0,0.0,0.0,1.0,0.0,0.0,0.0,0.0,0.0,0.0,0.0,0.0,0.0
hkg,mxp,0,0,0,0,0,12,0,10,249,296,2,1,0,0,milano,hong kong,hong kong,2,manuale,3.0,3.0,1.0,3.0,0.3333333333333333,0.0,0.0,0.6666666666666666,0.0,0.0,0.0,0.0,0.0,0.5,0.5,0.0,0.0
hnd,fco,2,0,0,0,0,0,0,2,293,259,1,0,3,1,roma,tokyo,giappone,5,nsis,3.0,2.0,0.0,3.0,0.0,0.0,0.0,0.6666666666666666,0.3333333333333333,0.0,0.0,0.0,0.0,0.0,0.0,0.0,0.3333333333333333
hrg,fco,0,0,0,0,0,0,0,0,0,0,0,1,0,0,roma,hurghada,egitto,5,nsis,0.0,0.0,0.0,0.0,0.17504013260736295,0.0,0.0,0.0,0.0,0.0,0.0,0.0,0.0,0.0,0.0,0.0,0.0
hrg,mxp,0,0,0,0,0,0,0,0,216,0,1,1,0,0,milano,hurghada,egitto,2,interpol,14.0,14.0,5.0,7.0,0.35714285714285715,0.35714285714285715,0.0,1.0,0.0,0.0,0.6666666666666666,0.0,0.0,0.0,0.25,0.25,0.5
hrg,nap,0,0,0,0,0,0,0,0,0,152,1,1,1,0,napoli,hurghada,egitto,6,sdi,1.0,1.0,1.0,1.0,1.0,1.0,0.0,1.0,0.0,0.0,0.0,1.0,0.0,0.0,0.0,0.0,0.0
iad,fco,2,0,0,0,0,1,0,2,0,0,0,1,0,1,roma,washington,stati uniti,5,interpol,1.0,0.0,0.0,1.0,0.17504013260736295,0.0,0.0,1.0,0.0,0.0,0.0,0.0,0.0,0.0,0.0,0.0,0.0
icn,fco,0,2,0,0,0,1,0,4,874,1249,0,1,2,6,roma,seoul,corea del sud,5,manuale,2.0,2.0,0.0,1.0,0.0,0.0,0.0,1.0,0.0,0.0,0.0,0.0,0.0,0.0,0.0,0.0,0.0
icn,mxp,0,0,0,0,0,5,0,0,0,263,0,1,1,2,milano,seoul,corea del sud,2,manuale,1.0,1.0,0.0,1.0,0.0,0.0,0.0,1.0,0.0,0.0,0.0,0.0,0.0,0.0,0.0,0.0,0.0
ika,fco,0,4,0,0,0,0,0,12,0,138,0,0,0,0,roma,tehran,iran,5,sdi,256.0,255.0,39.0,28.0,0.15294117647058825,0.0,0.14919354838709678,0.0,0.8571428571428571,0.3333333333333333,0.034782608695652174,0.14,0.05714285714285714,0.38095238095238093,0.047619047619047616,0.14285714285714285,0.2857142857142857
ika,mxp,7,0,0,0,0,0,0,11,172,0,2,1,1,0,milano,tehran,iran,2,tsc,171.0,171.0,43.0,28.0,0.25146198830409355,0.0,0.25595238095238093,0.0,0.9285714285714286,0.42857142857142855,0.0,0.2222222222222222,0.4375,0.11764705882352941,0.23529411764705882,0.11764705882352941,0.17647058823529413
isl,lin,0,0,0,0,0,0,0,0,0,0,0,1,0,0,milano,istanbul,turchia,2,manuale,0.0,0.0,0.0,0.0,0.17504013260736295,0.0,0.0,0.0,0.0,0.0,0.0,0.0,0.0,0.0,0.0,0.0,0.0
ist,bgy,0,0,0,0,0,0,0,0,177,0,0,0,0,0,bergamo,istanbul,turchia,2,sdi,3.0,3.0,2.0,1.0,0.6666666666666666,0.6666666666666666,0.0,1.0,0.0,0.6666666666666666,0.0,0.0,0.0,0.0,0.0,0.0,0.0
ist,blq,58,126,0,3,1,22,0,43,764,316,3,5,5,3,bologna,istanbul,turchia,8,sdi,18.0,17.0,5.0,16.0,0.29411764705882354,0.21428571428571427,0.6666666666666666,0.8125,0.1875,0.6666666666666666,0.25,0.2,0.0,0.14285714285714285,0.21428571428571427,0.21428571428571427,0.35714285714285715
ist,bri,0,25,0,0,0,18,1,23,133,0,1,1,0,0,bari,istanbul,turchia,9,nsis,14.0,14.0,3.0,9.0,0.21428571428571427,0.16666666666666666,1.0,0.7777777777777778,0.1111111111111111,0.0,0.0,1.0,0.16666666666666666,0.0,0.42857142857142855,0.14285714285714285,0.14285714285714285
ist,cag,0,0,0,0,0,0,0,0,0,175,0,0,0,0,cagliari,istanbul,turchia,5,,0.0,0.0,0.0,0.0,0.17504013260736295,0.0,0.0,0.0,0.0,0.0,0.0,0.0,0.0,0.0,0.0,0.0,0.0
ist,cta,0,43,0,0,0,18,1,43,66,107,2,0,1,3,catania,istanbul,turchia,7,interpol,7.0,7.0,5.0,3.0,0.7142857142857143,0.7142857142857143,0.0,1.0,0.0,0.0,0.0,0.0,0.8333333333333334,0.0,0.3333333333333333,0.3333333333333333,0.0
ist,fco,16,73,0,0,0,58,0,57,922,1407,7,3,4,11,roma,istanbul,turchia,5,tsc,35.0,34.0,12.0,21.0,0.35294117647058826,0.5833333333333334,0.5,0.47619047619047616,0.42857142857142855,1.0,0.08333333333333333,0.0,0.42857142857142855,0.21428571428571427,0.14285714285714285,0.14285714285714285,0.07142857142857142
ist,mxp,40,94,0,4,0,6,0,36,1240,872,7,7,3,7,milano,istanbul,turchia,2,sdi,53.0,53.0,22.0,35.0,0.41509433962264153,0.24324324324324326,0.9230769230769231,0.7714285714285715,0.14285714285714285,0.125,0.375,0.2857142857142857,0.7777777777777778,0.2413793103448276,0.1724137931034483,0.10344827586206896,0.1724137931034483
ist,nap,5,94,0,0,0,17,0,25,340,681,4,3,3,4,napoli,istanbul,turchia,6,nsis,3.0,3.0,2.0,3.0,0.6666666666666666,0.5,1.0,0.6666666666666666,0.3333333333333333,0.0,0.0,1.0,0.0,0.6666666666666666,0.0,0.0,0.3333333333333333
ist,pmo,7,18,0,0,0,0,0,0,261,34,2,1,0,1,palermo,istanbul,turchia,7,sdi,0.0,0.0,0.0,0.0,0.17504013260736295,0.0,0.0,0.0,0.0,0.0,0.0,0.0,0.0,0.0,0.0,0.0,0.0
ist,psa,0,0,0,0,0,0,0,0,0,0,0,0,0,0,pisa,istanbul,turchia,8,sdi,0.0,0.0,0.0,0.0,0.17504013260736295,0.0,0.0,0.0,0.0,0.0,0.0,0.0,0.0,0.0,0.0,0.0,0.0
ist,vce,39,74,0,2,0,29,0,123,1141,934,3,4,4,6,venezia,istanbul,turchia,4,manuale,23.0,23.0,13.0,17.0,0.5652173913043478,0.5,1.0,0.7058823529411765,0.23529411764705882,1.0,0.8,0.0,0.5,0.2727272727272727,0.18181818181818182,0.18181818181818182,0.09090909090909091
jed,fco,0,11,2,0,0,6,0,31,207,199,5,3,1,4,roma,jeddah,arabia saudita,5,manuale,192.0,40.0,5.0,31.0,0.125,0.1111111111111111,0.5,0.8064516129032258,0.0967741935483871,0.0,0.1,0.0,0.75,0.11538461538461539,0.07692307692307693,0.34615384615384615,0.15384615384615385
jed,mxp,0,80,0,5,1,32,0,100,348,114,2,2,2,5,milano,jeddah,arabia saudita,2,manuale,124.0,124.0,11.0,31.0,0.08870967741935484,0.09411764705882353,0.03571428571428571,0.7419354838709677,0.22580645161290322,0.058823529411764705,0.07894736842105263,0.10714285714285714,0.5,0.14285714285714285,0.23809523809523808,0.2857142857142857,0.14285714285714285
jed,vce,0,0,0,0,0,0,0,0,211,0,0,1,0,0,venezia,jeddah,arabia saudita,4,interpol,8.0,8.0,3.0,5.0,0.375,0.16666666666666666,1.0,0.6,0.4,0.0,0.25,0.5,1.0,0.0,0.4,0.4,0.2
jfk,fco,24,32,0,1,0,2,0,16,1090,1065,6,2,5,8,roma,new york,stati uniti,5,nsis,37.0,30.0,1.0,26.0,0.03333333333333333,0.037037037037037035,0.0,0.8846153846153846,0.0,0.0,0.0,0.2,0.0,0.1875,0.25,0.0625,0.25
jfk,mxp,18,42,0,0,0,29,0,49,872,1423,2,7,4,3,milano,new york,stati uniti,2,interpol,96.0,96.0,15.0,61.0,0.15625,0.16666666666666666,0.0,0.9180327868852459,0.0,0.0,0.25,0.1111111111111111,0.05263157894736842,0.2558139534883721,0.16279069767441862,0.23255813953488372,0.13953488372093023
kiv,bgy,0,0,0,0,0,0,0,0,0,0,1,1,0,0,bergamo,chisinau,moldavia,2,manuale,0.0,0.0,0.0,0.0,0.17504013260736295,0.0,0.0,0.0,0.0,0.0,0.0,0.0,0.0,0.0,0.0,0.0,0.0
kiv,blq,0,20,0,0,0,0,0,0,0,0,0,0,1,1,bologna,chisinau,moldavia,8,interpol,2.0,2.0,1.0,2.0,0.5,0.5,0.0,1.0,0.0,0.0,0.0,0.0,0.0,0.0,0.5,0.0,0.5
kiv,fco,0,14,0,0,0,0,0,0,172,0,0,0,0,1,roma,chisinau,moldavia,5,manuale,1.0,1.0,1.0,1.0,1.0,1.0,0.0,1.0,0.0,0.0,0.0,1.0,0.0,0.0,0.0,0.0,1.0
kiv,mxp,0,0,0,0,0,0,0,0,0,0,0,0,1,0,milano,chisinau,moldavia,2,interpol,2.0,2.0,1.0,2.0,0.5,0.5,0.0,1.0,0.0,0.0,1.0,0.0,0.0,0.0,0.0,0.0,0.0
kiv,pmf,0,0,0,0,0,0,0,0,0,0,0,0,1,0,parma,chisinau,moldavia,8,,0.0,0.0,0.0,0.0,0.17504013260736295,0.0,0.0,0.0,0.0,0.0,0.0,0.0,0.0,0.0,0.0,0.0,0.0
kiv,vce,8,0,0,0,0,0,0,0,0,0,0,0,0,0,venezia,chisinau,moldavia,4,sdi,1.0,1.0,0.0,1.0,0.0,0.0,0.0,0.0,0.0,0.0,0.0,0.0,0.0,0.0,0.0,0.0,0.0
kiv,vrn,0,0,0,0,0,0,0,19,181,176,0,0,0,0,verona,chisinau,moldavia,4,manuale,0.0,0.0,0.0,0.0,0.17504013260736295,0.0,0.0,0.0,0.0,0.0,0.0,0.0,0.0,0.0,0.0,0.0,0.0
kut,fco,0,0,0,0,0,0,0,0,0,0,0,2,0,1,roma,kutaisi,georgia,5,,3.0,2.0,1.0,3.0,0.5,0.5,0.0,1.0,0.0,0.0,0.0,1.0,0.0,0.0,0.5,0.0,0.5
kut,mxp,15,10,0,0,0,0,0,0,0,212,2,2,0,2,milano,kutaisi,georgia,2,manuale,6.0,6.0,1.0,4.0,0.16666666666666666,0.16666666666666666,0.0,1.0,0.0,0.0,0.0,0.0,0.0,0.0,0.3333333333333333,0.3333333333333333,0.3333333333333333
kwi,fco,0,0,0,0,0,12,0,9,221,122,0,0,0,0,roma,kuwait city,kuwait,5,manuale,1.0,1.0,0.0,1.0,0.0,0.0,0.0,0.0,1.0,0.0,0.0,0.0,0.0,0.0,0.0,0.0,1.0
kwi,mxp,2,33,0,0,0,8,0,8,119,217,2,1,2,2,milano,kuwait city,kuwait,2,manuale,4.0,4.0,0.0,4.0,0.0,0.0,0.0,0.5,0.5,0.0,0.0,0.0,0.0,0.5,0.0,0.5,0.0
lax,lin,0,0,0,0,0,0,0,0,0,0,0,0,1,0,milano,los angeles,stati uniti,2,sdi,1.0,1.0,0.0,1.0,0.0,0.0,0.0,1.0,0.0,0.0,0.0,0.0,0.0,0.0,0.0,0.0,0.0
lba,fco,0,0,0,0,0,0,0,0,0,186,0,1,0,0,roma,leeds,regno unito,5,nsis,0.0,0.0,0.0,0.0,0.17504013260736295,0.0,0.0,0.0,0.0,0.0,0.0,0.0,0.0,0.0,0.0,0.0,0.0
lcy,blq,1,0,0,0,0,0,0,0,0,0,0,0,0,0,bologna,londra,regno unito,8,sdi,0.0,0.0,0.0,0.0,0.17504013260736295,0.0,0.0,0.0,0.0,0.0,0.0,0.0,0.0,0.0,0.0,0.0,0.0
lcy,flr,0,2,0,0,0,0,0,7,217,366,3,4,5,2,firenze,londra,regno unito,8,sdi,6.0,6.0,2.0,5.0,0.3333333333333333,0.3333333333333333,0.0,1.0,0.0,0.0,0.5,0.0,0.0,0.0,0.0,0.5,0.0
lcy,lin,1,2,0,0,0,13,0,3,515,158,0,9,7,6,milano,londra,regno unito,2,nsis,7.0,7.0,1.0,7.0,0.14285714285714285,0.14285714285714285,0.0,1.0,0.0,0.0,0.0,0.0,0.0,0.0,0.5,0.25,0.0
lgw,bgy,0,0,0,0,0,2,0,2,329,37,1,0,3,2,bergamo,londra,regno unito,2,interpol,15.0,15.0,4.0,8.0,0.26666666666666666,0.21428571428571427,1.0,0.875,0.125,0.3333333333333333,0.16666666666666666,0.0,0.0,0.2,0.2,0.4,0.0
lgw,blq,0,1,0,0,0,0,0,0,0,0,0,1,1,0,bologna,londra,regno unito,8,tsc,9.0,9.0,4.0,8.0,0.4444444444444444,0.5,0.0,0.875,0.0,0.0,0.0,0.4,1.0,0.0,0.2,0.2,0.4
lgw,cta,8,1,0,0,0,7,0,0,124,104,0,1,2,1,catania,londra,regno unito,7,manuale,5.0,5.0,3.0,4.0,0.6,0.6,0.0,1.0,0.0,1.0,0.0,1.0,0.0,0.0,0.25,0.5,0.25
lgw,fco,2,6,1,0,0,9,1,24,981,1541,11,16,9,7,roma,londra,regno unito,5,nsis,85.0,76.0,6.0,57.0,0.07894736842105263,0.04838709677419355,0.3333333333333333,0.8070175438596491,0.15789473684210525,0.0,0.07142857142857142,0.0,0.2727272727272727,0.1794871794871795,0.28205128205128205,0.15384615384615385,0.2564102564102564
lgw,flr,0,17,0,1,0,0,0,10,341,810,3,6,3,2,firenze,londra,regno unito,8,nsis,15.0,15.0,4.0,13.0,0.26666666666666666,0.2857142857142857,0.0,0.9230769230769231,0.0,0.5,0.6666666666666666,0.0,0.16666666666666666,0.18181818181818182,0.2727272727272727,0.18181818181818182,0.18181818181818182
lgw,lin,6,0,0,0,0,5,0,7,0,0,2,0,1,0,milano,londra,regno unito,2,interpol,2.0,2.0,1.0,2.0,0.5,0.5,0.0,1.0,0.0,0.0,1.0,0.0,0.0,0.0,0.0,1.0,0.0
lgw,mxp,12,67,0,2,1,6,0,37,1618,1334,8,9,5,8,milano,londra,regno unito,2,sdi,121.0,120.0,19.0,70.0,0.15833333333333333,0.15789473684210525,0.3333333333333333,0.9142857142857143,0.04285714285714286,0.19047619047619047,0.375,0.19230769230769232,0.08333333333333333,0.17307692307692307,0.28846153846153844,0.23076923076923078,0.1346153846153846
lgw,nap,9,33,0,0,0,14,0,20,400,864,4,4,2,1,napoli,londra,regno unito,6,manuale,12.0,12.0,3.0,7.0,0.25,0.125,0.5,0.8571428571428571,0.14285714285714285,0.0,0.0,0.0,0.0,0.4,0.0,0.0,0.0
lgw,psa,8,2,0,0,0,0,0,0,0,296,0,1,2,1,pisa,londra,regno unito,8,interpol,18.0,18.0,2.0,14.0,0.1111111111111111,0.13333333333333333,0.0,0.7857142857142857,0.0,0.0,0.4,0.0,0.0,0.16666666666666666,0.4166666666666667,0.0,0.16666666666666666
lgw,trn,3,10,0,1,0,7,0,10,406,827,2,6,2,5,torino,londra,regno unito,1,interpol,21.0,21.0,6.0,17.0,0.2857142857142857,0.2631578947368421,1.0,0.8823529411764706,0.058823529411764705,0.2,0.6666666666666666,0.3333333333333333,0.0,0.38461538461538464,0.0,0.15384615384615385,0.23076923076923078
lgw,vce,4,10,0,0,0,7,0,21,489,640,5,8,12,5,venezia,londra,regno unito,4,tsc,47.0,47.0,8.0,32.0,0.1702127659574468,0.1891891891891892,0.0,0.78125,0.09375,0.2,0.3333333333333333,0.25,0.0,0.16666666666666666,0.25,0.2916666666666667,0.125
lgw,vrn,7,7,0,0,0,1,0,2,504,397,5,2,7,5,verona,londra,regno unito,4,interpol,30.0,30.0,5.0,20.0,0.16666666666666666,0.17857142857142858,0.0,0.9,0.05,0.0,0.0,0.16666666666666666,0.3333333333333333,0.0,0.4117647058823529,0.29411764705882354,0.23529411764705882
lhr,blq,13,19,0,0,0,12,0,16,1479,517,3,12,7,6,bologna,londra,regno unito,8,manuale,25.0,25.0,5.0,21.0,0.2,0.20833333333333334,0.0,0.9523809523809523,0.0,0.0,0.25,0.0,0.4,0.2222222222222222,0.2777777777777778,0.1111111111111111,0.2777777777777778
lhr,fco,11,21,0,0,0,21,0,17,1450,1099,11,11,12,12,roma,londra,regno unito,5,interpol,15.0,14.0,0.0,13.0,0.0,0.0,0.0,0.9230769230769231,0.0,0.0,0.0,0.0,0.0,0.4,0.1,0.4,0.0
lhr,lin,10017,36,0,0,0,18,0,50,1858,1218,9,9,12,3,milano,londra,regno unito,2,interpol,18.0,18.0,1.0,16.0,0.05555555555555555,0.058823529411764705,0.0,0.9375,0.0,0.3333333333333333,0.0,0.0,0.0,0.09090909090909091,0.45454545454545453,0.0,0.09090909090909091
lhr,mxp,15,15,0,0,0,7,0,19,1170,325,8,7,4,4,milano,londra,regno unito,2,manuale,23.0,23.0,2.0,16.0,0.08695652173913043,0.13333333333333333,0.0,0.75,0.125,0.0,0.3333333333333333,0.0,0.0,0.2857142857142857,0.21428571428571427,0.2857142857142857,0.0
lhr,nap,0,11,0,0,0,0,0,0,0,0,2,1,0,1,napoli,londra,regno unito,6,manuale,2.0,1.0,0.0,2.0,0.0,0.0,0.0,1.0,0.0,0.0,0.0,0.0,0.0,0.0,1.0,0.0,0.0
lhr,psa,0,6,0,0,0,6,0,2,46,0,0,2,1,1,pisa,londra,regno unito,8,tsc,5.0,5.0,0.0,4.0,0.0,0.0,0.0,1.0,0.0,0.0,0.0,0.0,0.0,0.0,0.0,0.25,0.5
lhr,trn,0,0,0,0,0,0,0,0,0,89,0,0,0,0,torino,londra,regno unito,1,nsis,3.0,3.0,0.0,2.0,0.0,0.0,0.0,1.0,0.0,0.0,0.0,0.0,0.0,0.5,0.0,0.0,0.0
lhr,vce,2,21,0,1,0,0,0,13,1381,987,2,6,8,5,venezia,londra,regno unito,4,interpol,5.0,5.0,0.0,3.0,0.0,0.0,0.0,1.0,0.0,0.0,0.0,0.0,0.0,0.0,0.6666666666666666,0.3333333333333333,0.0
lpl,bgy,0,0,0,0,0,5,0,0,0,0,0,1,1,0,bergamo,liverpool,regno unito,2,interpol,0.0,0.0,0.0,0.0,0.17504013260736295,0.0,0.0,0.0,0.0,0.0,0.0,0.0,0.0,0.0,0.0,0.0,0.0
lpl,cia,0,0,0,0,0,0,0,0,0,184,0,1,0,1,roma,liverpool,regno unito,5,interpol,1.0,1.0,0.0,1.0,0.0,0.0,0.0,1.0,0.0,0.0,0.0,0.0,0.0,0.0,0.0,0.0,1.0
lrm,fco,0,0,0,0,0,0,0,25,0,0,0,0,0,0,roma,la romana,repubblica dominicana,5,tsc,3.0,3.0,1.0,1.0,0.3333333333333333,0.3333333333333333,0.0,1.0,0.0,0.0,0.0,0.3333333333333333,0.0,0.0,1.0,0.0,0.0
lrm,mxp,0,54,0,1,0,0,0,53,0,0,1,0,1,1,milano,la romana,repubblica dominicana,2,interpol,12.0,12.0,4.0,6.0,0.3333333333333333,0.2727272727272727,0.0,0.8333333333333334,0.0,1.0,1.0,0.0,0.2,0.25,0.0,0.0,0.5
ltn,bgy,0,0,0,0,0,0,0,0,0,5,0,0,0,0,bergamo,londra,regno unito,2,sdi,0.0,0.0,0.0,0.0,0.17504013260736295,0.0,0.0,0.0,0.0,0.0,0.0,0.0,0.0,0.0,0.0,0.0,0.0
ltn,blq,0,18,0,0,0,5,0,15,0,0,1,1,1,1,bologna,londra,regno unito,8,sdi,28.0,28.0,5.0,16.0,0.17857142857142858,0.17857142857142858,0.0,1.0,0.0,0.3333333333333333,0.2,0.25,0.0,0.21428571428571427,0.35714285714285715,0.21428571428571427,0.07142857142857142
ltn,cia,0,0,0,0,0,0,0,0,1,0,0,0,0,0,roma,londra,regno unito,5,,0.0,0.0,0.0,0.0,0.17504013260736295,0.0,0.0,0.0,0.0,0.0,0.0,0.0,0.0,0.0,0.0,0.0,0.0
ltn,cta,2,2,0,0,0,0,0,0,0,108,1,0,1,0,catania,londra,regno unito,7,interpol,4.0,4.0,0.0,4.0,0.0,0.0,0.0,0.75,0.0,0.0,0.0,0.0,0.0,1.0,0.0,0.0,0.0
ltn,lin,0,0,0,0,0,0,0,0,0,0,0,2,0,1,milano,londra,regno unito,2,interpol,0.0,0.0,0.0,0.0,0.17504013260736295,0.0,0.0,0.0,0.0,0.0,0.0,0.0,0.0,0.0,0.0,0.0,0.0
ltn,mxp,2,0,0,0,0,6,0,7,89,266,3,1,2,2,milano,londra,regno unito,2,tsc,31.0,31.0,7.0,18.0,0.22580645161290322,0.2222222222222222,0.0,0.7777777777777778,0.1111111111111111,0.2,0.0,0.5,0.0,0.3076923076923077,0.07692307692307693,0.0,0.38461538461538464
ltn,nap,15,7,0,0,0,4,0,13,176,81,1,2,0,2,napoli,londra,regno unito,6,nsis,3.0,3.0,2.0,2.0,0.6666666666666666,0.6666666666666666,0.0,1.0,0.0,0.6666666666666666,0.0,0.0,0.0,0.0,0.0,1.0,0.0
ltn,trn,1,5,0,0,0,0,0,6,120,0,0,0,0,0,torino,londra,regno unito,1,interpol,9.0,9.0,2.0,6.0,0.2222222222222222,0.2222222222222222,0.0,1.0,0.0,0.0,0.4,0.0,0.0,0.0,0.2,0.2,0.4
ltn,tsf,0,11,0,0,0,0,0,0,0,0,0,1,1,1,treviso,londra,regno unito,4,nsis,9.0,9.0,0.0,6.0,0.0,0.0,0.0,0.8333333333333334,0.0,0.0,0.0,0.0,0.0,0.0,0.5,0.25,0.0
lxr,mxp,0,0,0,0,0,7,0,0,0,0,0,1,1,0,milano,luxor,egitto,2,manuale,0.0,0.0,0.0,0.0,0.17504013260736295,0.0,0.0,0.0,0.0,0.0,0.0,0.0,0.0,0.0,0.0,0.0,0.0
lyx,trn,0,0,0,0,0,0,0,0,3,0,0,0,0,0,torino,lydd,regno unito,1,,0.0,0.0,0.0,0.0,0.17504013260736295,0.0,0.0,0.0,0.0,0.0,0.0,0.0,0.0,0.0,0.0,0.0,0.0
man,bgy,0,14,0,0,0,0,0,0,311,188,3,2,2,2,bergamo,manchester,regno unito,2,tsc,38.0,37.0,3.0,19.0,0.08108108108108109,0.08333333333333333,0.0,0.9473684210526315,0.0,0.0,0.0,0.25,0.13333333333333333,0.13333333333333333,0.3333333333333333,0.2,0.13333333333333333
man,blq,0,19,0,0,0,0,0,0,169,167,1,0,0,1,bologna,manchester,regno unito,8,manuale,22.0,22.0,7.0,13.0,0.3181818181818182,0.3333333333333333,0.0,0.9230769230769231,0.0,0.0,0.45454545454545453,0.0,0.5,0.2,0.2,0.2,0.1
man,cia,0,8,0,0,0,4,0,9,357,864,1,2,5,3,roma,manchester,regno unito,5,interpol,18.0,18.0,2.0,10.0,0.1111111111111111,0.11764705882352941,0.0,0.9,0.0,0.0,0.5,0.0,0.0,0.3333333333333333,0.16666666666666666,0.16666666666666666,0.0
man,fco,0,0,0,0,0,0,0,0,280,186,0,0,3,0,roma,manchester,regno unito,5,nsis,5.0,3.0,0.0,5.0,0.0,0.0,0.0,1.0,0.0,0.0,0.0,0.0,0.0,0.0,0.0,0.0,0.5
man,mxp,2,13,0,0,0,3,0,5,0,365,1,1,3,2,milano,manchester,regno unito,2,tsc,22.0,22.0,5.0,18.0,0.22727272727272727,0.23809523809523808,0.0,0.9444444444444444,0.0,0.2,0.25,0.0,0.5,0.0,0.25,0.08333333333333333,0.16666666666666666
man,nap,7,5,0,0,0,0,0,0,522,135,1,0,0,2,napoli,manchester,regno unito,6,manuale,1.0,1.0,1.0,1.0,1.0,1.0,0.0,1.0,0.0,0.0,0.0,0.0,1.0,0.0,0.0,0.0,0.0
man,psa,18,0,0,0,0,0,0,10,276,178,1,1,0,2,pisa,manchester,regno unito,8,interpol,12.0,12.0,0.0,9.0,0.0,0.0,0.0,1.0,0.0,0.0,0.0,0.0,0.0,0.125,0.25,0.0,0.25
man,trn,0,0,0,0,0,0,0,7,798,288,0,2,2,2,torino,manchester,regno unito,1,sdi,3.0,3.0,1.0,2.0,0.3333333333333333,0.3333333333333333,0.0,1.0,0.0,0.0,0.0,0.0,0.0,0.5,0.0,0.0,0.0
man,vce,11,0,0,1,0,9,0,0,124,258,2,3,2,5,venezia,manchester,regno unito,4,tsc,4.0,4.0,3.0,4.0,0.75,0.5,1.0,0.5,0.25,1.0,0.0,0.0,0.0,0.25,0.25,0.5,0.0
man,vrn,15,0,0,0,0,0,0,0,187,0,1,0,0,1,verona,manchester,regno unito,4,tsc,0.0,0.0,0.0,0.0,0.17504013260736295,0.0,0.0,0.0,0.0,0.0,0.0,0.0,0.0,0.0,0.0,0.0,0.0
mba,fco,22,0,0,0,0,0,0,0,700,0,1,0,0,0,roma,mombasa,kenya,5,manuale,4.0,3.0,0.0,4.0,0.0,0.0,0.0,1.0,0.0,0.0,0.0,0.0,0.0,0.75,0.0,0.0,0.25
mba,mxp,26,44,0,0,0,0,0,0,329,0,0,0,0,0,milano,mombasa,kenya,2,sdi,4.0,4.0,3.0,4.0,0.75,0.6666666666666666,0.0,0.75,0.0,1.0,1.0,0.0,0.0,0.0,0.0,0.0,0.3333333333333333
mbj,mxp,0,0,0,0,0,0,0,0,0,0,0,1,0,0,milano,montego bay,giamaica,2,nsis,0.0,0.0,0.0,0.0,0.17504013260736295,0.0,0.0,0.0,0.0,0.0,0.0,0.0,0.0,0.0,0.0,0.0,0.0
mct,mxp,1,87,0,5,0,39,0,38,1107,0,2,3,0,1,milano,muscat,oman,2,interpol,1.0,1.0,0.0,1.0,0.0,0.0,0.0,1.0,0.0,0.0,0.0,0.0,0.0,0.0,0.0,0.0,1.0
mex,fco,0,7,0,2,0,0,0,7,413,0,1,1,1,1,roma,citta del messico,messico,5,manuale,5.0,5.0,1.0,3.0,0.2,1.0,0.0,0.3333333333333333,0.0,1.0,0.0,0.0,0.0,0.0,0.0,0.5,0.0
mia,fco,0,10,0,0,0,25,0,25,786,0,2,3,0,2,roma,miami,stati uniti,5,sdi,14.0,14.0,1.0,10.0,0.07142857142857142,0.07142857142857142,0.0,1.0,0.0,0.0,0.0,0.0,0.3333333333333333,0.16666666666666666,0.0,0.6666666666666666,0.0
mji,fco,0,0,0,0,0,0,0,0,0,0,1,0,2,0,roma,tripoli,libia,5,manuale,2.0,2.0,0.0,1.0,0.0,0.0,0.0,1.0,0.0,0.0,0.0,0.0,0.0,0.0,0.0,0.0,0.0
mle,fco,0,0,0,0,0,9,0,28,571,328,3,4,0,2,roma,male,maldive,5,manuale,14.0,10.0,2.0,7.0,0.2,0.2,0.0,1.0,0.0,0.0,0.0,0.25,0.0,0.16666666666666666,0.16666666666666666,0.0,0.3333333333333333
mle,mxp,0,0,0,0,0,0,0,0,363,0,0,0,1,0,milano,male,maldive,2,tsc,26.0,26.0,10.0,23.0,0.38461538461538464,0.38461538461538464,0.0,1.0,0.0,0.0,0.0,0.5,0.5,0.35714285714285715,0.14285714285714285,0.07142857142857142,0.14285714285714285
mru,fco,0,22,0,0,0,0,0,0,0,0,1,0,0,0,roma,plaisance,mauritius,5,interpol,3.0,3.0,0.0,3.0,0.0,0.0,0.0,1.0,0.0,0.0,0.0,0.0,0.0,0.0,0.0,1.0,0.0
ncl,bgy,2,0,0,0,0,0,0,12,0,176,0,0,3,0,bergamo,newcastle,regno unito,2,sdi,7.0,7.0,3.0,4.0,0.42857142857142855,0.5,0.0,0.75,0.0,0.0,0.0,0.4,0.0,0.5,0.25,0.0,0.25
ncl,fco,0,0,0,0,0,0,0,0,0,0,0,0,0,1,roma,newcastle,regno unito,5,,2.0,2.0,0.0,2.0,0.0,0.0,0.0,0.0,1.0,0.0,0.0,0.0,0.0,0.0,0.0,0.0,0.5
ncl,trn,0,0,0,0,0,1,0,0,364,181,0,0,0,1,torino,newcastle,regno unito,1,interpol,0.0,0.0,0.0,0.0,0.17504013260736295,0.0,0.0,0.0,0.0,0.0,0.0,0.0,0.0,0.0,0.0,0.0,0.0
nht,lin,0,0,0,0,0,0,0,0,0,0,0,0,0,1,milano,northolt,regno unito,2,manuale,0.0,0.0,0.0,0.0,0.17504013260736295,0.0,0.0,0.0,0.0,0.0,0.0,0.0,0.0,0.0,0.0,0.0,0.0
nkg,mxp,13,0,0,0,0,13,0,0,204,165,0,1,0,0,milano,nanjing,cina,2,interpol,0.0,0.0,0.0,0.0,0.17504013260736295,0.0,0.0,0.0,0.0,0.0,0.0,0.0,0.0,0.0,0.0,0.0,0.0
oak,lin,0,0,0,0,0,0,0,0,0,0,0,1,0,0,milano,oakland,stati uniti,2,,0.0,0.0,0.0,0.0,0.17504013260736295,0.0,0.0,0.0,0.0,0.0,0.0,0.0,0.0,0.0,0.0,0.0,0.0
oxf,lin,0,0,0,0,0,0,0,0,5,0,0,0,0,0,milano,oxford,regno unito,2,sdi,0.0,0.0,0.0,0.0,0.17504013260736295,0.0,0.0,0.0,0.0,0.0,0.0,0.0,0.0,0.0,0.0,0.0,0.0
pek,fco,73,0,1,1,0,74,0,25,734,250,2,4,1,0,roma,pechino,cina,5,tsc,2.0,2.0,0.0,2.0,0.0,0.0,0.0,1.0,0.0,0.0,0.0,0.0,0.0,0.0,0.0,0.5,0.0
pek,mxp,23,21,0,0,0,0,0,40,789,524,1,0,3,1,milano,pechino,cina,2,sdi,3.0,3.0,1.0,3.0,0.3333333333333333,0.3333333333333333,0.0,1.0,0.0,0.0,1.0,0.0,0.0,0.0,0.5,0.5,0.0
phl,fco,0,7,0,0,0,0,0,4,369,208,0,1,1,2,roma,filadelfia,stati uniti,5,sdi,2.0,2.0,1.0,2.0,0.5,0.5,0.0,1.0,0.0,0.0,1.0,0.0,0.0,0.0,0.5,0.0,0.0
phl,psa,0,0,0,0,0,0,0,0,0,4,0,0,0,0,pisa,filadelfia,stati uniti,8,nsis,0.0,0.0,0.0,0.0,0.17504013260736295,0.0,0.0,0.0,0.0,0.0,0.0,0.0,0.0,0.0,0.0,0.0,0.0
prn,mxp,0,0,0,1,1,0,0,41,498,0,2,0,0,0,milano,pristina,cossovo,2,manuale,157.0,154.0,20.0,28.0,0.12987012987012986,0.12987012987012986,0.0,1.0,0.0,0.0625,0.08108108108108109,0.3076923076923077,0.25,0.35714285714285715,0.07142857142857142,0.14285714285714285,0.14285714285714285
pvg,fco,0,50,0,0,0,0,0,30,465,0,4,1,0,0,roma,shanghai,cina,5,interpol,8.0,7.0,2.0,5.0,0.2857142857142857,0.2857142857142857,0.0,1.0,0.0,0.0,0.0,0.0,0.0,0.0,0.25,0.25,0.5
pvg,mxp,12,1,0,2,0,16,0,19,255,0,1,1,2,2,milano,shanghai,cina,2,manuale,5.0,5.0,4.0,2.0,0.8,0.5,0.0,0.5,0.0,0.0,0.8,0.0,0.0,0.0,0.0,0.0,0.0
rak,bgy,10,52,0,0,0,35,0,99,0,566,1,1,3,5,bergamo,marrakech,marocco,2,sdi,10.0,10.0,2.0,7.0,0.2,0.2222222222222222,0.0,0.8571428571428571,0.14285714285714285,0.3333333333333333,0.0,1.0,0.0,0.2,0.2,0.6,0.0
rak,blq,0,0,0,0,0,0,0,0,419,146,0,3,1,0,bologna,marrakech,marocco,8,tsc,0.0,0.0,0.0,0.0,0.17504013260736295,0.0,0.0,0.0,0.0,0.0,0.0,0.0,0.0,0.0,0.0,0.0,0.0
rak,cia,0,24,0,3,0,1,0,18,0,0,1,3,0,1,roma,marrakech,marocco,5,nsis,5.0,5.0,1.0,4.0,0.2,0.2,0.0,1.0,0.0,0.0,0.5,0.0,0.0,0.0,1.0,0.0,0.0
rak,fco,33,0,0,0,0,0,0,26,470,0,2,1,0,0,roma,marrakech,marocco,5,manuale,4.0,4.0,0.0,3.0,0.0,0.0,0.0,0.3333333333333333,0.0,0.0,0.0,0.0,0.0,0.0,0.0,0.0,0.0
rak,mxp,79,19,0,0,0,0,0,0,738,0,1,3,5,4,milano,marrakech,marocco,2,nsis,13.0,13.0,1.0,8.0,0.07692307692307693,0.09090909090909091,0.0,0.75,0.0,0.0,0.5,0.0,0.0,0.16666666666666666,0.0,0.3333333333333333,0.3333333333333333
rak,nap,28,28,0,0,0,0,0,63,178,194,1,1,1,0,napoli,marrakech,marocco,6,sdi,0.0,0.0,0.0,0.0,0.17504013260736295,0.0,0.0,0.0,0.0,0.0,0.0,0.0,0.0,0.0,0.0,0.0,0.0
rak,psa,0,33,0,4,0,0,0,0,0,198,0,0,1,0,pisa,marrakech,marocco,8,nsis,5.0,5.0,2.0,3.0,0.4,0.5,0.0,0.6666666666666666,0.0,0.0,0.5,0.0,0.0,0.0,0.5,0.0,0.0
rak,trn,29,26,0,1,0,0,0,0,0,169,1,0,1,2,torino,marrakech,marocco,1,interpol,0.0,0.0,0.0,0.0,0.17504013260736295,0.0,0.0,0.0,0.0,0.0,0.0,0.0,0.0,0.0,0.0,0.0,0.0
rak,tsf,21,0,0,1,0,83,0,25,0,198,1,1,1,2,treviso,marrakech,marocco,4,nsis,0.0,0.0,0.0,0.0,0.17504013260736295,0.0,0.0,0.0,0.0,0.0,0.0,0.0,0.0,0.0,0.0,0.0,0.0
rba,cia,33,0,0,0,0,0,0,0,190,361,0,0,0,0,roma,rabat,marocco,5,interpol,0.0,0.0,0.0,0.0,0.17504013260736295,0.0,0.0,0.0,0.0,0.0,0.0,0.0,0.0,0.0,0.0,0.0,0.0
rmf,bgy,0,0,0,0,0,0,0,0,0,0,0,0,1,0,bergamo,marsa alam,egitto,2,sdi,2.0,2.0,1.0,2.0,0.5,0.5,0.0,1.0,0.0,0.0,1.0,0.0,0.0,0.0,0.0,0.0,0.0
rmf,fco,0,0,0,0,0,0,0,0,184,0,1,0,0,0,roma,marsa alam,egitto,5,interpol,0.0,0.0,0.0,0.0,0.17504013260736295,0.0,0.0,0.0,0.0,0.0,0.0,0.0,0.0,0.0,0.0,0.0,0.0
rmf,mxp,5,0,0,0,0,12,0,5,303,0,0,1,0,0,milano,marsa alam,egitto,2,manuale,19.0,18.0,7.0,9.0,0.3888888888888889,0.3888888888888889,0.0,1.0,0.0,0.5,0.5,0.0,0.0,0.0,0.0,0.3333333333333333,0.16666666666666666
rmf,nap,0,0,0,0,0,0,0,0,0,0,1,0,1,1,napoli,marsa alam,egitto,6,manuale,0.0,0.0,0.0,0.0,0.17504013260736295,0.0,0.0,0.0,0.0,0.0,0.0,0.0,0.0,0.0,0.0,0.0,0.0
rmf,vrn,0,13,0,0,0,0,0,0,0,0,0,1,0,1,verona,marsa alam,egitto,4,manuale,6.0,6.0,0.0,3.0,0.0,0.0,0.0,1.0,0.0,0.0,0.0,0.0,0.0,0.0,0.0,0.5,0.0
rmo,bgy,0,7,0,0,0,0,0,0,108,0,0,0,1,1,bergamo,chisinau,moldavia,2,interpol,1.0,1.0,0.0,1.0,0.0,0.0,0.0,1.0,0.0,0.0,0.0,0.0,0.0,1.0,0.0,0.0,0.0
rmo,blq,10,0,0,0,0,17,0,0,381,0,1,1,0,0,bologna,chisinau,moldavia,8,interpol,6.0,6.0,2.0,6.0,0.3333333333333333,0.4,0.0,0.8333333333333334,0.0,0.0,0.0,0.0,0.0,0.0,0.25,0.25,0.25
rmo,fco,0,0,0,0,0,0,0,7,185,0,0,2,1,1,roma,chisinau,moldavia,5,manuale,2.0,1.0,0.0,2.0,0.0,0.0,0.0,1.0,0.0,0.0,0.0,0.0,0.0,0.5,0.0,0.0,0.0
rmo,lin,0,0,0,0,0,0,0,0,0,2,0,0,0,0,milano,chisinau,moldavia,2,nsis,0.0,0.0,0.0,0.0,0.17504013260736295,0.0,0.0,0.0,0.0,0.0,0.0,0.0,0.0,0.0,0.0,0.0,0.0
rmo,mxp,14,0,0,1,0,0,0,9,0,0,1,0,1,0,milano,chisinau,moldavia,2,tsc,3.0,3.0,2.0,3.0,0.6666666666666666,0.6666666666666666,0.0,1.0,0.0,0.5,0.0,0.0,0.0,0.3333333333333333,0.0,0.3333333333333333,0.0
rmo,pmf,0,9,0,0,0,7,0,0,137,0,0,0,0,1,parma,chisinau,moldavia,8,nsis,1.0,1.0,0.0,1.0,0.0,0.0,0.0,1.0,0.0,0.0,0.0,0.0,0.0,1.0,0.0,0.0,0.0
rmo,vce,11,34,0,0,0,0,0,0,141,179,1,0,2,0,venezia,chisinau,moldavia,4,interpol,0.0,0.0,0.0,0.0,0.17504013260736295,0.0,0.0,0.0,0.0,0.0,0.0,0.0,0.0,0.0,0.0,0.0,0.0
rmo,vrn,11,0,0,2,0,0,0,0,0,0,0,0,0,1,verona,chisinau,moldavia,4,sdi,3.0,3.0,1.0,1.0,0.3333333333333333,0.3333333333333333,0.0,1.0,0.0,0.0,0.0,0.0,0.3333333333333333,0.0,0.0,0.0,0.0
ruh,fco,0,0,0,0,0,6,0,2,253,460,1,3,4,1,roma,riyadh,arabia saudita,5,interpol,26.0,23.0,3.0,12.0,0.13043478260869565,0.047619047619047616,1.0,0.8333333333333334,0.08333333333333333,0.0,0.0,0.0,0.6666666666666666,0.42857142857142855,0.14285714285714285,0.0,0.14285714285714285
ruh,lin,0,0,0,0,0,0,0,0,0,0,0,0,0,0,milano,riyadh,arabia saudita,2,,0.0,0.0,0.0,0.0,0.17504013260736295,0.0,0.0,0.0,0.0,0.0,0.0,0.0,0.0,0.0,0.0,0.0,0.0
ruh,psa,0,0,0,0,0,0,0,0,0,3,0,0,0,0,pisa,riyadh,arabia saudita,8,,0.0,0.0,0.0,0.0,0.17504013260736295,0.0,0.0,0.0,0.0,0.0,0.0,0.0,0.0,0.0,0.0,0.0,0.0
ruh,vce,0,0,0,0,0,0,0,4,0,0,0,0,0,0,venezia,riyadh,arabia saudita,4,sdi,2.0,2.0,1.0,2.0,0.5,0.5,0.0,1.0,0.0,0.0,0.0,1.0,0.0,0.0,1.0,0.0,0.0
saw,bgy,37,28,0,5,0,27,0,37,1405,1008,8,1,2,4,bergamo,istanbul,turchia,2,manuale,154.0,153.0,64.0,79.0,0.41830065359477125,0.3888888888888889,0.5277777777777778,0.6329113924050633,0.2911392405063291,0.6521739130434783,0.5185185185185185,0.38461538461538464,0.391304347826087,0.24193548387096775,0.1774193548387097,0.14516129032258066,0.1774193548387097
saw,blq,7,14,0,0,0,3,0,8,450,712,5,4,2,1,bologna,istanbul,turchia,8,interpol,65.0,65.0,23.0,31.0,0.35384615384615387,0.42857142857142855,0.3333333333333333,0.5483870967741935,0.22580645161290322,0.4166666666666667,0.6666666666666666,0.26666666666666666,0.125,0.3125,0.1875,0.0625,0.1875
saw,fco,28,44,1,2,0,25,0,26,984,864,7,7,3,6,roma,istanbul,turchia,5,manuale,128.0,120.0,42.0,75.0,0.35,0.31343283582089554,0.40425531914893614,0.56,0.37333333333333335,0.29411764705882354,0.2631578947368421,0.28,0.5238095238095238,0.14545454545454545,0.12727272727272726,0.21818181818181817,0.3090909090909091
saw,vce,0,0,0,0,0,0,0,9,184,156,1,2,0,0,venezia,istanbul,turchia,4,interpol,31.0,31.0,2.0,14.0,0.06451612903225806,0.2,0.038461538461538464,0.2857142857142857,0.7142857142857143,1.0,0.0,0.0625,0.0,0.3,0.3,0.1,0.1
shj,bgy,0,57,0,0,0,48,0,26,189,148,0,1,1,4,bergamo,sharjah,emirati arabi uniti,2,tsc,54.0,54.0,5.0,15.0,0.09259259259259259,0.38461538461538464,0.0,0.4,0.0,0.0,0.0,0.0,0.06666666666666667,0.36363636363636365,0.18181818181818182,0.2727272727272727,0.18181818181818182
sid,fco,0,0,0,0,0,0,0,0,6,0,0,0,0,2,roma,sal,capo verde,5,nsis,0.0,0.0,0.0,0.0,0.17504013260736295,0.0,0.0,0.0,0.0,0.0,0.0,0.0,0.0,0.0,0.0,0.0,0.0
sid,mxp,0,0,0,0,0,0,0,0,20,6,0,2,0,0,milano,sal,capo verde,2,nsis,0.0,0.0,0.0,0.0,0.17504013260736295,0.0,0.0,0.0,0.0,0.0,0.0,0.0,0.0,0.0,0.0,0.0,0.0
sid,vrn,0,0,0,0,0,0,0,0,0,0,0,1,0,0,verona,sal,capo verde,4,tsc,0.0,0.0,0.0,0.0,0.17504013260736295,0.0,0.0,0.0,0.0,0.0,0.0,0.0,0.0,0.0,0.0,0.0,0.0
sin,fco,0,0,0,0,0,10,0,0,171,185,0,0,0,1,roma,singapore,singapore,5,nsis,2.0,2.0,1.0,2.0,0.5,0.5,0.0,1.0,0.0,1.0,0.0,0.0,0.0,0.0,0.5,0.0,0.0
sin,mxp,0,7,0,1,0,5,0,5,725,686,2,0,2,3,milano,singapore,singapore,2,manuale,2.0,2.0,1.0,2.0,0.5,1.0,0.0,0.5,0.0,0.0,0.0,1.0,0.0,0.0,1.0,0.0,0.0
skp,fco,0,0,0,0,0,15,0,0,184,0,0,1,1,2,roma,skopje,macedonia,5,nsis,19.0,6.0,1.0,11.0,0.16666666666666666,0.16666666666666666,0.0,1.0,0.0,0.0,0.0,0.3333333333333333,0.0,0.2,0.3,0.3,0.2
skp,mxp,0,18,0,0,0,20,0,0,0,0,2,0,0,0,milano,skopie,macedonia,2,manuale,13.0,13.0,3.0,9.0,0.23076923076923078,0.23076923076923078,0.0,1.0,0.0,0.0,0.0,0.0,0.0,0.125,0.5,0.125,0.125
skp,vce,0,0,0,0,0,0,0,23,0,318,0,0,1,0,venezia,skopie,macedonia,4,manuale,7.0,7.0,3.0,7.0,0.42857142857142855,0.3333333333333333,0.0,0.8571428571428571,0.0,0.0,0.5,1.0,0.5,0.2,0.4,0.2,0.2
sll,mxp,0,0,0,0,0,0,0,0,0,357,1,0,0,0,milano,salalah,oman,2,interpol,0.0,0.0,0.0,0.0,0.17504013260736295,0.0,0.0,0.0,0.0,0.0,0.0,0.0,0.0,0.0,0.0,0.0,0.0
sll,vrn,0,0,0,0,0,0,0,0,0,0,1,0,0,0,verona,salalah,oman,4,manuale,0.0,0.0,0.0,0.0,0.17504013260736295,0.0,0.0,0.0,0.0,0.0,0.0,0.0,0.0,0.0,0.0,0.0,0.0
spx,fco,17,18,0,0,0,29,0,19,531,179,2,2,0,3,roma,giza,egitto,5,nsis,23.0,23.0,0.0,8.0,0.0,0.0,0.0,1.0,0.0,0.0,0.0,0.0,0.0,0.25,0.5,0.0,0.0
spx,mxp,67,75,0,0,0,34,0,59,344,0,0,1,1,2,milano,giza,egitto,2,interpol,14.0,14.0,5.0,5.0,0.35714285714285715,0.375,0.0,0.8,0.0,1.0,0.5,0.3333333333333333,0.0,0.0,0.3333333333333333,0.3333333333333333,0.3333333333333333
ssh,bgy,0,0,0,0,0,0,0,5,0,192,1,1,0,0,bergamo,sharm el sheikh,egitto,2,interpol,0.0,0.0,0.0,0.0,0.17504013260736295,0.0,0.0,0.0,0.0,0.0,0.0,0.0,0.0,0.0,0.0,0.0,0.0
ssh,blq,0,0,0,0,0,0,0,0,0,0,0,0,0,1,bologna,sharm el sheikh,egitto,8,nsis,17.0,17.0,5.0,8.0,0.29411764705882354,0.29411764705882354,0.0,1.0,0.0,0.25,0.2857142857142857,0.5,1.0,0.2857142857142857,0.2857142857142857,0.0,0.14285714285714285
ssh,bri,0,0,0,0,0,0,0,5,0,0,0,0,0,1,bari,sharm el sheikh,egitto,9,manuale,1.0,1.0,0.0,1.0,0.0,0.0,0.0,0.0,0.0,0.0,0.0,0.0,0.0,0.0,0.0,0.0,0.0
ssh,cta,0,11,0,0,0,0,0,0,0,0,0,0,1,0,catania,sharm el sheikh,egitto,7,manuale,3.0,3.0,1.0,3.0,0.3333333333333333,1.0,0.0,0.3333333333333333,0.0,0.0,1.0,0.0,0.0,0.3333333333333333,0.3333333333333333,0.0,0.0
ssh,fco,0,0,0,1,0,16,0,0,565,175,4,1,0,0,roma,sharm el sheikh,egitto,5,manuale,21.0,11.0,7.0,12.0,0.6363636363636364,0.6,0.0,0.9166666666666666,0.0,1.0,0.0,0.0,0.0,0.1111111111111111,0.2222222222222222,0.3333333333333333,0.1111111111111111
ssh,mxp,69,115,0,0,0,28,0,46,598,402,6,7,5,7,milano,sharm el sheikh,egitto,2,sdi,93.0,92.0,31.0,47.0,0.33695652173913043,0.32142857142857145,0.0,0.8936170212765957,0.0,0.5,0.47619047619047616,0.125,0.2,0.1891891891891892,0.13513513513513514,0.2972972972972973,0.1891891891891892
ssh,nap,0,0,0,0,0,16,0,0,525,174,2,3,3,1,napoli,sharm el sheikh,egitto,6,nsis,5.0,5.0,1.0,3.0,0.2,0.2,0.0,1.0,0.0,1.0,0.0,0.0,0.0,0.6666666666666666,0.0,0.3333333333333333,0.0
ssh,vce,0,25,0,0,0,0,0,16,216,0,0,1,0,0,venezia,sharm el sheikh,egitto,4,interpol,13.0,13.0,2.0,5.0,0.15384615384615385,0.15384615384615385,0.0,1.0,0.0,0.0,0.0,0.25,0.0,0.5,0.0,0.0,0.25
ssh,vrn,8,0,0,0,0,10,0,0,194,177,0,0,1,0,verona,sharm el sheikh,egitto,4,manuale,3.0,3.0,3.0,2.0,1.0,1.0,0.0,1.0,0.0,0.0,0.0,1.0,0.0,0.0,0.0,0.5,0.0
stn,aoi,13,0,0,0,0,8,0,0,0,0,1,0,2,1,ancona,londra,regno unito,8,manuale,9.0,9.0,2.0,7.0,0.2222222222222222,0.2857142857142857,0.0,0.8571428571428571,0.0,0.5,0.0,0.0,0.0,0.0,0.0,0.0,1.0
stn,bds,0,0,0,0,0,0,0,26,0,0,0,0,0,0,brindisi,londra,regno unito,9,tsc,4.0,4.0,0.0,4.0,0.0,0.0,0.0,1.0,0.0,0.0,0.0,0.0,0.0,0.3333333333333333,0.3333333333333333,0.3333333333333333,0.0
stn,bgy,25,76,0,3,0,18,0,29,928,2240,5,14,12,10,bergamo,londra,regno unito,2,interpol,10150.0,152.0,23.0,100.0,0.1513157894736842,0.15217391304347827,0.0,0.86,0.02,0.2,0.1875,0.1,0.04,0.19230769230769232,0.20512820512820512,0.3076923076923077,0.16666666666666666
stn,blq,11,18,0,1,0,0,0,41,894,148,5,4,1,2,bologna,londra,regno unito,8,manuale,74.0,74.0,10.0,39.0,0.13513513513513514,0.15151515151515152,0.0,0.9230769230769231,0.0,0.1,0.0,0.4444444444444444,0.15,0.28,0.2,0.2,0.08
stn,bri,3,0,0,0,0,14,0,9,352,554,0,1,3,2,bari,londra,regno unito,9,tsc,24.0,24.0,6.0,14.0,0.25,0.23809523809523808,0.0,0.8571428571428571,0.07142857142857142,0.2,0.25,0.375,0.0,0.3333333333333333,0.16666666666666666,0.16666666666666666,0.0
stn,cag,17,6,0,0,0,0,0,0,0,0,0,2,0,0,cagliari,londra,regno unito,5,interpol,1.0,1.0,0.0,1.0,0.0,0.0,0.0,0.0,0.0,0.0,0.0,0.0,0.0,0.0,0.0,0.0,0.0
stn,cia,2,29,0,0,0,15,0,36,1333,1671,6,8,9,14,roma,londra,regno unito,5,nsis,58.0,53.0,11.0,48.0,0.20754716981132076,0.22448979591836735,0.0,0.9166666666666666,0.020833333333333332,0.4166666666666667,0.2222222222222222,0.0,0.0,0.13513513513513514,0.21621621621621623,0.2972972972972973,0.21621621621621623
stn,cta,8,18,0,1,0,6,0,0,162,169,1,0,1,0,catania,londra,regno unito,7,nsis,4.0,4.0,0.0,3.0,0.0,0.0,0.0,0.6666666666666666,0.3333333333333333,0.0,0.0,0.0,0.0,0.5,0.0,0.5,0.0
stn,fco,0,0,0,0,0,0,0,2,133,0,0,0,0,0,roma,londra,regno unito,5,interpol,4.0,3.0,0.0,3.0,0.0,0.0,0.0,0.6666666666666666,0.0,0.0,0.0,0.0,0.0,0.0,1.0,0.0,0.0
stn,goa,0,5,0,0,0,3,0,0,119,181,1,0,4,1,genova,londra,regno unito,1,nsis,39.0,39.0,3.0,20.0,0.07692307692307693,0.07894736842105263,0.0,0.95,0.0,0.08333333333333333,0.0,0.16666666666666666,0.0,0.125,0.3125,0.25,0.1875
stn,mxp,8,28,0,0,0,11,0,25,796,796,5,6,3,7,milano,londra,regno unito,2,manuale,115.0,115.0,25.0,63.0,0.21739130434782608,0.22857142857142856,0.3333333333333333,0.9047619047619048,0.031746031746031744,0.13043478260869565,0.2777777777777778,0.15789473684210525,0.5,0.19607843137254902,0.21568627450980393,0.27450980392156865,0.1568627450980392
stn,nap,5,15,0,0,0,20,0,9,512,495,5,6,4,1,napoli,londra,regno unito,6,interpol,11.0,11.0,1.0,8.0,0.09090909090909091,0.09090909090909091,0.0,1.0,0.0,0.0,0.0,0.0,0.0,0.0,0.0,0.5714285714285714,0.14285714285714285
stn,peg,0,16,0,0,0,0,0,8,165,0,0,1,0,0,perugia,londra,regno unito,5,nsis,24.0,24.0,3.0,16.0,0.125,0.13043478260869565,0.0,0.9375,0.0,0.14285714285714285,0.3333333333333333,0.0,0.2,0.23076923076923078,0.0,0.23076923076923078,0.3076923076923077
stn,pmo,11,5,0,0,0,12,0,16,0,0,0,0,0,1,palermo,londra,regno unito,7,manuale,5.0,5.0,0.0,5.0,0.0,0.0,0.0,0.6,0.2,0.0,0.0,0.0,0.0,0.0,0.4,0.2,0.2
stn,psa,3,9,0,0,0,0,0,24,537,687,3,1,3,3,pisa,londra,regno unito,8,interpol,63.0,63.0,13.0,36.0,0.20634920634920634,0.2,0.0,0.9444444444444444,0.0,0.13333333333333333,0.2,0.42857142857142855,0.42857142857142855,0.034482758620689655,0.2413793103448276,0.3103448275862069,0.13793103448275862
stn,psr,0,0,0,0,0,0,0,8,349,0,0,1,1,2,pescara,londra,regno unito,9,tsc,13.0,13.0,4.0,9.0,0.3076923076923077,0.3076923076923077,0.0,1.0,0.0,0.0,0.5,0.3333333333333333,0.0,0.16666666666666666,0.16666666666666666,0.16666666666666666,0.0
stn,suf,0,3,0,0,0,0,0,0,69,94,1,0,2,1,lamezia terme,londra,regno unito,6,tsc,1.0,1.0,0.0,1.0,0.0,0.0,0.0,0.0,0.0,0.0,0.0,0.0,0.0,0.0,0.0,0.0,0.0
stn,trn,5,18,0,0,0,0,0,19,627,173,1,3,3,3,torino,londra,regno unito,1,interpol,45.0,45.0,6.0,30.0,0.13333333333333333,0.09523809523809523,1.0,0.9,0.03333333333333333,0.0,0.5,0.18181818181818182,0.3333333333333333,0.08333333333333333,0.4583333333333333,0.125,0.125
stn,trs,1,0,0,0,0,0,0,4,318,0,0,3,1,1,trieste,londra,regno unito,4,tsc,7.0,7.0,2.0,6.0,0.2857142857142857,0.5,0.5,0.3333333333333333,0.3333333333333333,1.0,0.0,0.0,0.0,0.3333333333333333,0.3333333333333333,0.0,0.3333333333333333
stn,vce,4,49,0,0,0,17,0,27,644,869,5,8,8,4,venezia,londra,regno unito,4,interpol,66.0,66.0,10.0,45.0,0.15151515151515152,0.14545454545454545,0.2,0.8222222222222222,0.06666666666666667,0.0,0.3,0.16666666666666666,0.11764705882352941,0.17647058823529413,0.17647058823529413,0.23529411764705882,0.2647058823529412
stn,vrn,4,23,0,0,0,7,0,4,166,160,1,0,2,2,verona,londra,regno unito,4,nsis,41.0,41.0,4.0,21.0,0.0975609756097561,0.1111111111111111,0.0,0.8571428571428571,0.047619047619047616,0.0,0.0,0.09090909090909091,0.0,0.11764705882352941,0.23529411764705882,0.29411764705882354,0.29411764705882354
szx,fco,23,0,2,0,0,63,0,0,170,0,1,1,1,1,roma,shenzhen,cina,5,interpol,0.0,0.0,0.0,0.0,0.17504013260736295,0.0,0.0,0.0,0.0,0.0,0.0,0.0,0.0,0.0,0.0,0.0,0.0
szx,mxp,0,0,0,0,0,0,0,11,0,0,1,3,0,0,milano,shenzhen,cina,2,manuale,1.0,1.0,0.0,1.0,0.0,0.0,0.0,1.0,0.0,0.0,0.0,0.0,0.0,0.0,0.0,0.0,0.0
tas,mxp,0,0,0,0,0,0,0,0,0,0,1,1,0,0,milano,tashkent,uzbekistan,2,interpol,0.0,0.0,0.0,0.0,0.17504013260736295,0.0,0.0,0.0,0.0,0.0,0.0,0.0,0.0,0.0,0.0,0.0,0.0
tbs,bgy,0,0,0,0,0,0,0,0,70,0,1,3,0,0,bergamo,tbilisi,georgia,2,,1.0,1.0,0.0,1.0,0.0,0.0,0.0,0.0,1.0,0.0,0.0,0.0,0.0,0.0,0.0,0.0,0.0
tbs,lin,0,0,0,0,0,0,0,0,4,0,0,0,0,0,milano,tbilisi,georgia,2,tsc,0.0,0.0,0.0,0.0,0.17504013260736295,0.0,0.0,0.0,0.0,0.0,0.0,0.0,0.0,0.0,0.0,0.0,0.0
tfu,fco,7,0,0,0,0,0,0,0,0,0,1,0,0,1,roma,chengdu,cina,5,interpol,2.0,1.0,0.0,2.0,0.0,0.0,0.0,1.0,0.0,0.0,0.0,0.0,0.0,0.0,0.0,1.0,0.0
tgd,fco,0,0,0,0,0,3,0,0,46,0,0,0,1,1,roma,podgorica,montenegro,5,interpol,4.0,4.0,0.0,4.0,0.0,0.0,0.0,1.0,0.0,0.0,0.0,0.0,0.0,0.3333333333333333,0.0,0.6666666666666666,0.0
tgd,mxp,0,0,0,0,0,0,0,0,254,0,0,0,1,3,milano,podgorica,montenegro,2,interpol,215.0,215.0,85.0,16.0,0.3953488372093023,0.421875,0.0,0.8125,0.0625,0.23529411764705882,0.2222222222222222,0.1724137931034483,0.0,0.14285714285714285,0.2857142857142857,0.35714285714285715,0.14285714285714285
tgd,nap,0,0,0,0,0,11,0,0,0,0,0,0,0,0,napoli,podgorica,montenegro,6,interpol,0.0,0.0,0.0,0.0,0.17504013260736295,0.0,0.0,0.0,0.0,0.0,0.0,0.0,0.0,0.0,0.0,0.0,0.0
tia,aoi,37,52,0,39,0,28,0,42,347,123,0,2,4,1,ancona,tirana,albania,8,interpol,4408.0,4408.0,956.0,53.0,0.21687840290381125,0.22036896638867828,0.0,0.8867924528301887,0.0,0.15311004784688995,0.24772727272727274,0.36821192052980134,0.1702127659574468,0.14285714285714285,0.3142857142857143,0.11428571428571428,0.22857142857142856
tia,bds,0,11,0,0,0,0,0,0,139,0,1,1,0,0,brindisi,tirana,albania,9,manuale,464.0,441.0,58.0,17.0,0.13151927437641722,0.12919896640826872,0.0,0.9411764705882353,0.0,0.11363636363636363,0.18292682926829268,0.047619047619047616,0.16153846153846155,0.1111111111111111,0.2222222222222222,0.1111111111111111,0.3333333333333333
tia,bgy,134,261,0,5,1,121,1,79,1453,707,6,9,15,12,bergamo,tirana,albania,2,tsc,24877.0,24454.0,4574.0,283.0,0.1870450642021755,0.18437346875139204,0.0,0.911660777385159,0.0,0.20159503766061143,0.1529438303631852,0.18207762557077625,0.22564318852804724,0.22169811320754718,0.22169811320754718,0.20754716981132076,0.16037735849056603
tia,blq,61,217,0,10,0,88,0,92,961,776,12,4,10,3,bologna,tirana,albania,8,manuale,29738.0,19885.0,3954.0,219.0,0.19884334925823485,0.200309151964181,1.0,0.9360730593607306,0.0045662100456621,0.25439146800501883,0.18427323272438442,0.20391826416684222,0.19025450031036623,0.20710059171597633,0.24260355029585798,0.15976331360946747,0.1893491124260355
tia,bri,0,81,0,1,0,36,0,41,169,774,3,2,5,1,bari,tirana,albania,9,sdi,5674.0,5673.0,851.0,118.0,0.15000881367882954,0.1544507761839261,0.0,0.8813559322033898,0.00847457627118644,0.10823529411764705,0.15880322209436135,0.2106430155210643,0.1210727969348659,0.27586206896551724,0.14942528735632185,0.19540229885057472,0.21839080459770116
tia,cia,53,1,0,1,0,20,0,30,533,0,2,1,0,0,roma,tirana,albania,5,interpol,6212.0,5951.0,1054.0,76.0,0.17711309023693497,0.1818019943019943,0.0,0.9210526315789473,0.013157894736842105,0.16839134524929444,0.13847675568743817,0.23099703849950642,0.24976167778836988,0.23636363636363636,0.12727272727272726,0.16363636363636364,0.18181818181818182
tia,ciy,0,0,0,0,1,1,0,0,0,121,0,0,0,0,comiso,tirana,albania,7,manuale,707.0,707.0,111.0,9.0,0.157001414427157,0.157001414427157,0.0,1.0,0.0,1.0,0.17073170731707318,0.0,0.0,0.14285714285714285,0.14285714285714285,0.14285714285714285,0.0
tia,cta,27,39,0,1,0,14,0,41,320,340,3,4,6,4,catania,tirana,albania,7,interpol,4346.0,4337.0,653.0,125.0,0.1505649066174775,0.1523194643711143,0.0,0.96,0.0,0.16204379562043797,0.11457174638487208,0.13880445795339413,0.1598639455782313,0.27586206896551724,0.1839080459770115,0.20689655172413793,0.13793103448275862
tia,fco,50,55,0,8,0,0,0,55,402,0,2,6,5,5,roma,tirana,albania,5,interpol,14214.0,11340.0,1130.0,214.0,0.09964726631393298,0.1031348543869412,1.0,0.9392523364485982,0.004672897196261682,0.07783121993878443,0.13885554221688676,0.10710441334768568,0.09220701963117192,0.23214285714285715,0.19047619047619047,0.19047619047619047,0.15476190476190477
tia,flr,0,60,0,0,0,0,0,0,131,120,0,0,0,0,firenze,tirana,albania,8,interpol,369.0,364.0,70.0,10.0,0.19230769230769232,0.19230769230769232,0.0,0.9,0.0,0.2138728323699422,0.0,0.0,0.22,0.2857142857142857,0.42857142857142855,0.0,0.14285714285714285
tia,goa,56,74,0,0,0,0,0,72,0,0,0,0,3,0,genova,tirana,albania,1,nsis,5360.0,5315.0,1281.0,73.0,0.24101599247412983,0.24912641315519013,0.0,0.9452054794520548,0.0,0.27122641509433965,0.24713740458015268,0.27958115183246074,0.11567567567567567,0.21052631578947367,0.12280701754385964,0.17543859649122806,0.3333333333333333
tia,lin,0,0,0,0,0,0,0,0,3,0,0,0,0,0,milano,tirana,albania,2,manuale,13.0,7.0,1.0,7.0,0.14285714285714285,0.14285714285714285,0.0,0.8571428571428571,0.0,0.0,0.0,0.25,0.0,0.25,0.0,0.5,0.0
tia,mxp,90,106,0,4,0,29,0,107,999,645,6,8,8,3,milano,tirana,albania,2,sdi,18079.0,17849.0,3126.0,205.0,0.1751358619530506,0.17356568054188617,0.0,0.9658536585365853,0.0,0.18462083628632175,0.16333333333333333,0.16844769403824522,0.21518456375838926,0.28205128205128205,0.16666666666666666,0.15384615384615385,0.20512820512820512
tia,nap,21,0,0,3,0,0,0,16,155,0,1,0,2,0,napoli,tirana,albania,6,manuale,1790.0,1606.0,310.0,35.0,0.1930261519302615,0.19609120521172638,0.0,0.9714285714285714,0.0,0.31958762886597936,0.1453900709219858,0.14361702127659576,0.1561712846347607,0.21739130434782608,0.21739130434782608,0.30434782608695654,0.13043478260869565
tia,peg,0,61,0,5,0,0,0,37,224,464,0,1,0,1,perugia,tirana,albania,5,manuale,3590.0,3271.0,693.0,29.0,0.2118618159584225,0.21265267773253993,0.0,0.9655172413793104,0.0,0.14322916666666666,0.2865761689291101,0.12976190476190477,0.20952380952380953,0.21739130434782608,0.13043478260869565,0.17391304347826086,0.21739130434782608
tia,psa,38,212,0,3,0,194,0,111,770,1002,7,5,8,5,pisa,tirana,albania,8,nsis,20627.0,20625.0,3630.0,187.0,0.176,0.16965308886342328,0.0,0.9251336898395722,0.0053475935828877,0.15228426395939088,0.1956577927112949,0.14231805929919136,0.2412227602905569,0.2196969696969697,0.24242424242424243,0.21212121212121213,0.17424242424242425
tia,psr,0,12,0,0,0,0,0,0,0,139,1,1,3,1,pescara,tirana,albania,9,manuale,2699.0,2698.0,472.0,29.0,0.17494440326167532,0.1748478701825558,0.0,0.896551724137931,0.0,0.1458670988654781,0.14114832535885166,0.3460620525059666,0.1658878504672897,0.125,0.08333333333333333,0.2916666666666667,0.25
tia,rmi,0,47,0,2,0,59,0,27,0,312,1,1,1,0,rimini,tirana,albania,8,tsc,2913.0,2913.0,395.0,25.0,0.13559903879162374,0.13775322283609576,0.0,0.92,0.0,0.14039408866995073,0.12102689486552567,0.14933837429111532,0.124,0.16666666666666666,0.3333333333333333,0.1111111111111111,0.1111111111111111
tia,suf,0,0,0,0,0,0,0,0,0,0,1,0,0,0,lamezia terme,tirana,albania,6,tsc,169.0,164.0,23.0,13.0,0.1402439024390244,0.1402439024390244,0.0,1.0,0.0,0.13513513513513514,0.0,0.1956521739130435,0.0,0.09090909090909091,0.09090909090909091,0.18181818181818182,0.36363636363636365
tia,trn,0,98,0,1,1,18,0,63,729,186,1,1,6,2,torino,tirana,albania,1,tsc,8401.0,8399.0,1559.0,78.0,0.1856173353970711,0.18695276852879517,0.0,0.9487179487179487,0.0,0.14723590585659552,0.17552334943639292,0.28133514986376024,0.1602787456445993,0.23214285714285715,0.14285714285714285,0.19642857142857142,0.17857142857142858
tia,trs,0,0,0,0,0,0,0,0,0,0,0,0,1,1,trieste,tirana,albania,4,manuale,1040.0,1032.0,206.0,18.0,0.1996124031007752,0.20020855057351408,0.0,0.9444444444444444,0.0,0.15,0.152,0.556390977443609,0.2,0.23076923076923078,0.07692307692307693,0.23076923076923078,0.23076923076923078
tia,tsf,58,158,0,6,1,32,0,160,1504,367,8,5,7,5,treviso,tirana,albania,4,interpol,12349.0,12349.0,2125.0,166.0,0.1720787108267876,0.1718843299496716,0.0,0.927710843373494,0.0,0.19712402636309168,0.14835505896958412,0.21851503759398497,0.2136048526863085,0.23333333333333334,0.21666666666666667,0.13333333333333333,0.175
tia,vce,40,0,0,0,0,0,0,0,38,0,0,1,2,0,venezia,tirana,albania,4,manuale,10953.0,1017.0,205.0,21.0,0.2015732546705998,0.2015732546705998,0.0,1.0,0.0,0.2028301886792453,0.16666666666666666,0.19246861924686193,0.288135593220339,0.15789473684210525,0.21052631578947367,0.3157894736842105,0.15789473684210525
tia,vrn,0,25,0,0,0,13,0,55,445,1061,3,3,1,3,verona,tirana,albania,4,tsc,9753.0,9658.0,1886.0,85.0,0.19527852557465314,0.1988367083153813,0.0,0.9647058823529412,0.0,0.2144097222222222,0.21805624074987667,0.13620324629498942,0.13205417607223477,0.2318840579710145,0.18840579710144928,0.2318840579710145,0.2028985507246377
tlv,bgy,0,0,0,0,0,0,0,1,0,0,0,0,0,0,bergamo,tel aviv yafo,israele,2,tsc,1.0,1.0,1.0,1.0,1.0,1.0,0.0,1.0,0.0,0.0,0.0,0.0,0.0,1.0,0.0,0.0,0.0
tlv,fco,0,0,0,0,0,0,0,5,328,333,3,3,1,2,roma,tel aviv yafo,israele,5,interpol,1.0,1.0,0.0,1.0,0.0,0.0,0.0,0.0,0.0,0.0,0.0,0.0,0.0,1.0,0.0,0.0,0.0
tlv,mxp,4,8,0,0,0,0,0,7,337,578,5,1,2,1,milano,tel aviv,israele,2,tsc,2.0,2.0,0.0,2.0,0.0,0.0,0.0,0.5,0.0,0.0,0.0,0.0,0.0,0.0,0.0,1.0,0.0
tng,bgy,27,0,0,0,0,25,0,0,176,0,0,1,1,0,bergamo,tangier,marocco,2,nsis,2.0,2.0,0.0,1.0,0.0,0.0,0.0,1.0,0.0,0.0,0.0,0.0,0.0,0.0,0.0,0.0,0.0
tng,cia,0,0,0,0,0,0,0,0,0,0,0,0,0,2,roma,tangier,marocco,5,tsc,0.0,0.0,0.0,0.0,0.17504013260736295,0.0,0.0,0.0,0.0,0.0,0.0,0.0,0.0,0.0,0.0,0.0,0.0
tpe,fco,0,8,0,0,0,1,0,28,238,188,0,0,0,3,roma,taipei,taiwan,5,tsc,1.0,1.0,0.0,1.0,0.0,0.0,0.0,1.0,0.0,0.0,0.0,0.0,0.0,0.0,0.0,1.0,0.0
tpe,mxp,11,10,0,2,0,0,1,18,279,240,3,1,2,1,milano,taipei,taiwan,2,sdi,0.0,0.0,0.0,0.0,0.17504013260736295,0.0,0.0,0.0,0.0,0.0,0.0,0.0,0.0,0.0,0.0,0.0,0.0
tun,blq,0,0,0,0,0,0,0,18,288,10223,2,0,1,2,bologna,tunis,tunisia,8,manuale,1.0,1.0,0.0,1.0,0.0,0.0,0.0,0.0,1.0,0.0,0.0,0.0,0.0,0.0,1.0,0.0,0.0
tun,cag,0,0,0,0,0,0,0,0,155,0,0,0,0,0,cagliari,tunis,tunisia,5,tsc,0.0,0.0,0.0,0.0,0.17504013260736295,0.0,0.0,0.0,0.0,0.0,0.0,0.0,0.0,0.0,0.0,0.0,0.0
tun,fco,4,31,0,1,0,33,0,7,251,515,6,4,4,5,roma,tunis,tunisia,5,tsc,12.0,11.0,4.0,10.0,0.36363636363636365,0.4,0.0,0.9,0.0,0.0,0.0,0.0,0.0,0.125,0.25,0.125,0.375
tun,mxp,0,53,0,1,130,0,0,117,88,123,2,3,4,4,milano,tunis,tunisia,2,tsc,8.0,8.0,3.0,3.0,0.375,0.5,1.0,0.3333333333333333,0.3333333333333333,0.0,0.0,0.2,0.5,0.0,0.0,0.0,1.0
tun,nap,17,15,0,0,0,0,0,0,0,0,2,0,0,0,napoli,tunis,tunisia,6,sdi,0.0,0.0,0.0,0.0,0.17504013260736295,0.0,0.0,0.0,0.0,0.0,0.0,0.0,0.0,0.0,0.0,0.0,0.0
tun,pmo,0,0,0,1,0,0,1,0,88,0,2,0,0,1,palermo,tunisi,tunisia,7,interpol,0.0,0.0,0.0,0.0,0.17504013260736295,0.0,0.0,0.0,0.0,0.0,0.0,0.0,0.0,0.0,0.0,0.0,0.0
tun,vce,0,16,0,0,0,0,0,0,0,0,0,0,0,0,venezia,tunis,tunisia,4,nsis,1.0,1.0,0.0,1.0,0.0,0.0,0.0,1.0,0.0,0.0,0.0,0.0,0.0,0.0,0.0,0.0,0.0
wnz,fco,0,0,0,0,0,99,0,70,249,0,1,0,0,0,roma,wenzhou,cina,5,sdi,0.0,0.0,0.0,0.0,0.17504013260736295,0.0,0.0,0.0,0.0,0.0,0.0,0.0,0.0,0.0,0.0,0.0,0.0
wnz,mxp,0,0,0,0,0,106,0,0,0,229,2,0,0,1,milano,wenzhou,cina,2,interpol,0.0,0.0,0.0,0.0,0.17504013260736295,0.0,0.0,0.0,0.0,0.0,0.0,0.0,0.0,0.0,0.0,0.0,0.0
yul,fco,0,15,0,0,0,0,0,0,0,0,0,0,0,1,roma,montreal,canada,5,interpol,1.0,1.0,1.0,1.0,1.0,1.0,0.0,1.0,0.0,1.0,0.0,0.0,0.0,1.0,0.0,0.0,0.0
yul,mxp,0,0,0,0,0,3,0,7,242,615,1,0,1,2,milano,montreal,canada,2,interpol,1.0,1.0,0.0,1.0,0.0,0.0,0.0,1.0,0.0,0.0,0.0,0.0,0.0,0.0,0.0,0.0,0.0
yyz,fco,6,1,0,0,0,0,0,0,204,0,0,0,0,1,roma,toronto,canada,5,manuale,16.0,16.0,1.0,10.0,0.0625,0.0,0.0,0.7,0.0,0.14285714285714285,0.0,0.0,0.0,0.3333333333333333,0.3333333333333333,0.1111111111111111,0.2222222222222222
yyz,mxp,0,0,0,0,0,0,0,0,301,0,0,1,0,0,milano,toronto,canada,2,interpol,5.0,5.0,0.0,4.0,0.0,0.0,0.0,1.0,0.0,0.0,0.0,0.0,0.0,0.5,0.0,0.25,0.0
znz,fco,22,0,0,0,0,0,0,0,358,0,1,0,0,0,roma,zanzibar,tanzania,5,manuale,9.0,8.0,3.0,8.0,0.375,0.2857142857142857,0.0,0.875,0.0,0.5,1.0,0.0,0.0,0.2857142857142857,0.14285714285714285,0.0,0.42857142857142855
znz,vrn,0,0,0,0,0,0,0,0,0,348,0,0,0,0,verona,zanzibar,tanzania,4,sdi,3.0,3.0,0.0,2.0,0.0,0.0,0.0,1.0,0.0,0.0,0.0,0.0,0.0,0.5,0.0,0.0,0.5
