AREOPORTO_PARTENZA,AREOPORTO_ARRIVO,tot_allarmi_chiusi,tot_allarmi_generati,tot_allarmi_non_chiusi,tot_allarmi_rilevanti,tot_altro,tot_esito_negativo,tot_mancato_aggiornamento,tot_viaggiatori_con_allarmi,tot_viaggiatori_entrati,tot_viaggiatori_investigati,tot_voli_con_allarmi,tot_voli_disponibili,tot_voli_investigati,tot_voli_solo_visualizzati,CITTA_ARR,CITTA_PARTENZA,PAESE_PART,ZONA,MOTIVO_ALLARME,tot_entrati,tot_investigati,tot_allarmati,n_record,tasso_allarme,alert_rate_alb,alert_rate_afg,pct_naz_alb,pct_naz_afg,alert_rate_visto,alert_rate_passaporto,alert_rate_permesso,alert_rate_carta,pct_segnalato,pct_respinto,pct_fermato,pct_ok,if_score,if_anomaly,lof_score,lof_anomaly,zscore_max,zscore_anomaly,anomaly_votes,anomaly_consensus
adb,mxp,0,5,0,0,0,0,0,3,0,281,1,0,1,0,milano,smirne,turchia,2,manuale,5.0,5.0,2.0,4.0,0.4,0.0,0.0,0.75,0.0,0.6666666666666666,0.0,0.0,0.0,0.0,0.25,0.25,0.25,0.1195932824927543,0,1.470742510032029,0,2.4922899713185074,0,0,0
add,fco,46,20,0,1,0,0,0,13,3047,0,0,4,0,7,roma,addis ababa,etiopia,5,nsis,1.0,1.0,0.0,1.0,0.0,0.0,0.0,0.0,0.0,0.0,0.0,0.0,0.0,1.0,0.0,0.0,0.0,0.03330045567800044,0,1.3997517200130762,0,3.5482720514109154,1,1,0
add,mxp,52,197,0,0,0,0,0,30,663,873,2,1,3,1,milano,addis ababa,etiopia,2,manuale,0.0,0.0,0.0,0.0,0.17504013260736295,0.0,0.0,0.0,0.0,0.0,0.0,0.0,0.0,0.0,0.0,0.0,0.0,0.10811811715937303,0,1.2992567082118127,0,2.288827431396315,0,0,0
aga,bgy,0,16,0,0,0,0,0,0,325,0,0,0,0,1,bergamo,agadir,marocco,2,manuale,0.0,0.0,0.0,0.0,0.17504013260736295,0.0,0.0,0.0,0.0,0.0,0.0,0.0,0.0,0.0,0.0,0.0,0.0,0.17195586913576738,0,1.7922614705138613,0,1.4078232566213758,0,0,0
ala,mxp,0,1,0,0,0,0,0,0,0,0,0,0,0,0,milano,almaty,kazakistan,2,sdi,1.0,1.0,0.0,1.0,0.0,0.0,0.0,0.0,1.0,0.0,0.0,0.0,0.0,0.0,0.0,0.0,0.0,0.1352992003195172,0,4.446598251661603,1,4.955100908098609,1,2,1
alg,fco,21,1,0,1,0,10,0,0,274,35,2,4,2,6,roma,algeri,algeria,5,interpol,0.0,0.0,0.0,0.0,0.17504013260736295,0.0,0.0,0.0,0.0,0.0,0.0,0.0,0.0,0.0,0.0,0.0,0.0,0.08541728406490934,0,1.4545594857661315,0,1.8955904474631025,0,0,0
alg,mxp,0,0,0,1,0,19,0,8,148,0,1,0,0,1,milano,algeri,algeria,2,sdi,1.0,1.0,1.0,1.0,1.0,1.0,0.0,1.0,0.0,0.0,0.0,1.0,0.0,0.0,0.0,1.0,0.0,0.034243602623792,0,1.223408521585298,0,3.6329469045896285,1,1,0
amm,bgy,0,9,0,0,0,0,0,7,368,0,1,2,0,4,bergamo,amman,giordania,2,manuale,16.0,16.0,1.0,6.0,0.0625,0.06666666666666667,0.0,0.8333333333333334,0.0,0.0,0.0,0.0,0.0,0.25,0.0,0.25,0.25,0.13474798608384608,0,1.0203692917461382,0,1.400929073105606,0,0,0
amm,blq,0,0,0,0,0,7,0,0,0,0,0,0,0,0,bologna,amman,giordania,8,manuale,4.0,4.0,0.0,3.0,0.0,0.0,0.0,1.0,0.0,0.0,0.0,0.0,0.0,0.0,0.0,0.5,0.5,0.14566340913824805,0,1.1308958807371101,0,1.8393791644000042,0,0,0
amm,cia,0,0,0,0,0,0,0,0,146,0,0,1,0,1,roma,amman,giordania,5,nsis,2.0,2.0,0.0,2.0,0.0,0.0,0.0,1.0,0.0,0.0,0.0,0.0,0.0,1.0,0.0,0.0,0.0,0.14627710057771304,0,1.0165098397837184,0,3.5482720514109154,1,1,0
amm,fco,0,1,0,1,0,0,0,0,576,0,1,3,0,1,roma,amman,giordania,5,tsc,10.0,0.0,0.0,4.0,0.17504013260736295,0.0,0.0,0.5,0.25,0.0,0.0,0.0,0.0,0.25,0.0,0.0,0.25,0.11325347111989265,0,1.961630032568004,0,1.371001551419804,0,0,0
amm,mxp,3,0,0,0,0,0,0,3,91,82,2,1,1,2,milano,amman,giordania,2,interpol,4.0,4.0,0.0,3.0,0.0,0.0,0.0,0.3333333333333333,0.6666666666666666,0.0,0.0,0.0,0.0,0.5,0.0,0.0,0.0,0.11444154841083182,0,1.1700548945836453,0,3.564774251552221,1,1,0
amm,tsf,0,0,0,0,0,0,0,0,0,239,0,2,0,0,treviso,amman,giordania,4,manuale,2.0,2.0,0.0,2.0,0.0,0.0,0.0,0.5,0.0,0.0,0.0,0.0,0.0,0.0,0.0,0.0,0.0,0.1694169791928294,0,1.773056032498451,0,1.2096920015850925,0,0,0
anu,lin,0,0,0,0,0,0,0,0,0,0,0,0,0,1,milano,st. john's,antigua e barbuda,2,interpol,0.0,0.0,0.0,0.0,0.17504013260736295,0.0,0.0,0.0,0.0,0.0,0.0,0.0,0.0,0.0,0.0,0.0,0.0,0.19200215828461964,0,1.0444249113673378,0,1.4078232566213758,0,0,0
atl,fco,0,12,0,0,0,1,0,9,326,817,1,1,0,2,roma,atlanta,stati uniti,5,tsc,1.0,1.0,0.0,1.0,0.0,0.0,0.0,1.0,0.0,0.0,0.0,0.0,0.0,0.0,0.0,0.0,1.0,0.12085822635565197,0,1.0670336121427741,0,3.553403528708004,1,1,0
atl,mxp,0,0,0,0,0,0,0,0,205,0,0,0,0,0,milano,atlanta,stati uniti,2,interpol,0.0,0.0,0.0,0.0,0.17504013260736295,0.0,0.0,0.0,0.0,0.0,0.0,0.0,0.0,0.0,0.0,0.0,0.0,0.18598920377746608,0,1.4248323800794744,0,1.4078232566213758,0,0,0
atq,mxp,10,0,0,0,0,0,0,0,0,0,1,0,1,0,milano,amritsar,india,2,manuale,0.0,0.0,0.0,0.0,0.17504013260736295,0.0,0.0,0.0,0.0,0.0,0.0,0.0,0.0,0.0,0.0,0.0,0.0,0.16919715208971747,0,1.7878315201068795,0,1.4078232566213758,0,0,0
auh,cta,0,0,0,0,0,1,0,0,0,175,0,1,1,0,catania,abu dhabi,emirati arabi uniti,7,interpol,3.0,3.0,0.0,2.0,0.0,0.0,0.0,1.0,0.0,0.0,0.0,0.0,0.0,0.0,0.0,0.0,0.0,0.17008191852833854,0,1.2689756448051608,0,1.2096920015850925,0,0,0
auh,fco,19,63,0,0,0,31,0,37,2285,634,3,3,2,6,roma,abu dhabi,emirati arabi uniti,5,interpol,56.0,37.0,6.0,26.0,0.16216216216216217,0.18518518518518517,0.0,0.8076923076923077,0.0,0.4,0.14285714285714285,0.0,0.5,0.14285714285714285,0.23809523809523808,0.14285714285714285,0.19047619047619047,0.07575458608147673,0,0.9973562685527403,0,2.2733255562523804,0,0,0
auh,mxp,0,93,0,1,0,0,0,104,284,2282,6,2,3,3,milano,abu dhabi,emirati arabi uniti,2,manuale,9.0,9.0,1.0,8.0,0.1111111111111111,0.1111111111111111,0.0,1.0,0.0,0.0,0.0,0.0,0.0,0.5,0.16666666666666666,0.0,0.16666666666666666,0.08726897902432418,0,1.0327270392416938,0,2.0303462349343087,0,0,0
bah,fco,0,4,0,0,0,0,0,0,164,0,1,0,2,0,roma,manama,bahrain,5,manuale,0.0,0.0,0.0,0.0,0.17504013260736295,0.0,0.0,0.0,0.0,0.0,0.0,0.0,0.0,0.0,0.0,0.0,0.0,0.16328539920559093,0,1.7653029671112423,0,1.4078232566213758,0,0,0
bah,mxp,0,23,0,0,0,0,0,35,322,158,1,0,0,2,milano,manama,bahrain,2,sdi,0.0,0.0,0.0,0.0,0.17504013260736295,0.0,0.0,0.0,0.0,0.0,0.0,0.0,0.0,0.0,0.0,0.0,0.0,0.1402674022461604,0,1.2708283475977828,0,1.4078232566213758,0,0,0
beg,bgy,0,0,0,0,0,0,0,0,0,158,1,0,0,1,bergamo,belgrado,serbia,2,interpol,1.0,1.0,0.0,1.0,0.0,0.0,0.0,1.0,0.0,0.0,0.0,0.0,0.0,0.0,0.0,0.0,1.0,0.14155020208595498,0,1.1927056704401402,0,3.553403528708004,1,1,0
beg,blq,0,0,0,0,0,1,0,0,48,0,0,1,1,0,bologna,belgrado,serbia,8,interpol,2.0,2.0,1.0,1.0,0.5,0.5,0.0,1.0,0.0,0.0,0.0,0.0,0.0,1.0,0.0,0.0,0.0,0.13265240617367463,0,1.0820738372472065,0,3.5482720514109154,1,1,0
beg,cia,0,0,0,0,0,0,0,0,0,0,0,1,1,1,roma,belgrado,serbia,5,tsc,0.0,0.0,0.0,0.0,0.17504013260736295,0.0,0.0,0.0,0.0,0.0,0.0,0.0,0.0,0.0,0.0,0.0,0.0,0.18327035009976078,0,1.2368877471117394,0,1.4078232566213758,0,0,0
beg,fco,0,29,0,0,0,0,1,8,697,477,5,4,6,3,roma,belgrado,serbia,5,interpol,6.0,6.0,2.0,4.0,0.3333333333333333,0.3333333333333333,0.0,1.0,0.0,0.0,0.5,0.0,0.5,0.0,0.3333333333333333,0.0,0.6666666666666666,0.011552169895342024,0,1.605337684685938,0,6.680399107870514,1,1,0
beg,lin,0,0,0,0,0,0,0,0,0,6,0,1,0,0,milano,belgrado,serbia,2,nsis,0.0,0.0,0.0,0.0,0.17504013260736295,0.0,0.0,0.0,0.0,0.0,0.0,0.0,0.0,0.0,0.0,0.0,0.0,0.18488440284400876,0,1.032976127472252,0,1.4078232566213758,0,0,0
beg,mxp,0,7,0,0,0,4,0,7,87,51,0,9,5,2,milano,belgrado,serbia,2,interpol,5.0,5.0,1.0,5.0,0.2,0.25,0.0,0.8,0.2,0.0,0.0,0.5,0.0,0.2,0.0,0.2,0.2,0.09152377766566128,0,1.0578926332345686,0,2.385005330793515,0,0,0
beg,psa,0,0,0,0,0,0,0,0,3,0,0,0,0,0,pisa,belgrado,serbia,8,,0.0,0.0,0.0,0.0,0.17504013260736295,0.0,0.0,0.0,0.0,0.0,0.0,0.0,0.0,0.0,0.0,0.0,0.0,0.19130708104187893,0,0.9883965628672519,0,1.4078232566213758,0,0,0
beg,trs,0,0,0,0,0,0,0,0,1,0,0,0,0,0,trieste,belgrado,serbia,4,manuale,0.0,0.0,0.0,0.0,0.17504013260736295,0.0,0.0,0.0,0.0,0.0,0.0,0.0,0.0,0.0,0.0,0.0,0.0,0.19249334851773958,0,0.9924907248099905,0,1.4078232566213758,0,0,0
beg,vce,8,0,0,0,0,0,0,0,0,0,0,0,1,0,venezia,belgrado,serbia,4,sdi,6.0,6.0,2.0,3.0,0.3333333333333333,0.4,0.0,0.6666666666666666,0.3333333333333333,0.0,0.0,0.25,0.0,0.5,0.5,0.0,0.0,0.09568289229453703,0,1.1447776617387675,0,1.8679433218616706,0,0,0
beg,vrn,0,0,0,0,0,0,0,0,8,0,0,0,0,0,verona,belgrado,serbia,4,sdi,0.0,0.0,0.0,0.0,0.17504013260736295,0.0,0.0,0.0,0.0,0.0,0.0,0.0,0.0,0.0,0.0,0.0,0.0,0.18866714772246995,0,1.0106694099518674,0,1.4078232566213758,0,0,0
bey,fco,0,12,0,0,0,0,0,7,0,129,0,1,0,1,roma,beirut,libano,5,interpol,0.0,0.0,0.0,0.0,0.17504013260736295,0.0,0.0,0.0,0.0,0.0,0.0,0.0,0.0,0.0,0.0,0.0,0.0,0.1582993348843072,0,1.8609183511222547,0,1.4078232566213758,0,0,0
bfs,bgy,0,1,0,0,0,0,0,0,0,0,0,1,0,0,bergamo,belfast,regno unito,2,,10.0,10.0,2.0,6.0,0.2,0.2,0.0,1.0,0.0,0.0,1.0,0.0,0.0,0.0,0.4,0.2,0.4,0.10642541923895915,0,1.046482213887751,0,3.462243469292972,1,1,0
bhx,bgy,0,0,0,0,0,12,0,0,146,0,0,1,0,2,bergamo,birmingham,regno unito,2,manuale,15.0,15.0,1.0,9.0,0.06666666666666667,0.08333333333333333,0.0,0.7777777777777778,0.0,0.0,0.0,0.0,0.0,0.5,0.25,0.0,0.25,0.12779500350445722,0,1.0106879865793839,0,1.8083449714405475,0,0,0
bhx,fco,0,0,0,0,0,0,0,0,532,558,0,0,1,0,roma,birmingham,regno unito,5,tsc,0.0,0.0,0.0,0.0,0.17504013260736295,0.0,0.0,0.0,0.0,0.0,0.0,0.0,0.0,0.0,0.0,0.0,0.0,0.16168459511320982,0,1.3886637914880589,0,1.4078232566213758,0,0,0
bhx,mxp,0,8,0,0,0,0,0,3,0,0,0,1,0,1,milano,birmingham,regno unito,2,sdi,4.0,4.0,1.0,4.0,0.25,0.3333333333333333,0.0,0.75,0.0,0.0,0.0,0.0,0.0,0.0,0.0,0.0,0.0,0.16057140820846982,0,2.093219331194455,1,1.2096920015850925,0,1,0
bhx,trn,0,1,0,0,0,0,0,5,307,0,0,0,0,2,torino,birmingham,regno unito,1,interpol,6.0,6.0,1.0,6.0,0.16666666666666666,0.16666666666666666,0.0,1.0,0.0,0.5,0.0,0.0,0.0,0.6666666666666666,0.0,0.0,0.0,0.12520077960253984,0,1.0465726550311583,0,2.445574857857681,0,0,0
bhx,vce,5,24,0,0,0,0,0,0,142,0,2,2,0,2,venezia,birmingham,regno unito,4,interpol,10.0,10.0,3.0,7.0,0.3,0.0,0.5,0.42857142857142855,0.5714285714285714,1.0,0.0,0.3333333333333333,0.0,0.4,0.2,0.0,0.2,0.015823171993391894,0,1.2874250789420076,0,3.540123987360996,1,1,0
bhx,vrn,0,0,0,0,0,0,0,0,0,0,1,1,1,1,verona,birmingham,regno unito,4,tsc,6.0,6.0,3.0,5.0,0.5,0.4,1.0,0.8,0.2,0.0,0.5,1.0,0.0,0.0,0.25,0.0,0.5,0.021879227648885613,0,1.2494321652499096,0,4.183527258432701,1,1,0
bos,fco,0,0,0,0,0,0,0,0,282,272,0,0,0,0,roma,boston,stati uniti,5,interpol,3.0,2.0,0.0,2.0,0.0,0.0,0.0,1.0,0.0,0.0,0.0,0.0,0.0,0.5,0.0,0.5,0.0,0.1442630910056642,0,1.092279062989859,0,1.8393791644000042,0,0,0
bqh,blq,0,1,0,0,0,0,0,0,0,0,0,0,0,0,bologna,londra,regno unito,8,tsc,0.0,0.0,0.0,0.0,0.17504013260736295,0.0,0.0,0.0,0.0,0.0,0.0,0.0,0.0,0.0,0.0,0.0,0.0,0.18913528571423566,0,0.9956986199052077,0,1.4078232566213758,0,0,0
bqh,cia,0,0,0,0,0,0,0,0,0,0,0,1,0,0,roma,londra,regno unito,5,manuale,0.0,0.0,0.0,0.0,0.17504013260736295,0.0,0.0,0.0,0.0,0.0,0.0,0.0,0.0,0.0,0.0,0.0,0.0,0.19110653102489578,0,1.0080067620811377,0,1.4078232566213758,0,0,0
bqh,flr,0,0,0,0,0,0,0,0,0,0,0,0,0,1,firenze,londra,regno unito,8,nsis,0.0,0.0,0.0,0.0,0.17504013260736295,0.0,0.0,0.0,0.0,0.0,0.0,0.0,0.0,0.0,0.0,0.0,0.0,0.19200215828461964,0,1.0444249113673378,0,1.4078232566213758,0,0,0
bqh,lin,0,0,0,0,0,0,0,0,0,0,0,0,0,0,milano,londra,regno unito,2,tsc,0.0,0.0,0.0,0.0,0.17504013260736295,0.0,0.0,0.0,0.0,0.0,0.0,0.0,0.0,0.0,0.0,0.0,0.0,0.19393620000755996,0,0.9939303270836879,0,1.4078232566213758,0,0,0
bqh,trn,0,0,0,0,0,0,0,0,0,0,0,1,0,0,torino,londra,regno unito,1,,0.0,0.0,0.0,0.0,0.17504013260736295,0.0,0.0,0.0,0.0,0.0,0.0,0.0,0.0,0.0,0.0,0.0,0.0,0.19110653102489578,0,1.0080067620811377,0,1.4078232566213758,0,0,0
bqh,vbs,0,0,0,0,0,0,0,0,7,0,0,0,0,0,brescia,londra,regno unito,2,interpol,0.0,0.0,0.0,0.0,0.17504013260736295,0.0,0.0,0.0,0.0,0.0,0.0,0.0,0.0,0.0,0.0,0.0,0.0,0.18866714772246995,0,1.0086508811647688,0,1.4078232566213758,0,0,0
bqh,vrn,0,0,0,0,0,0,0,0,0,0,0,0,1,1,verona,londra,regno unito,4,nsis,0.0,0.0,0.0,0.0,0.17504013260736295,0.0,0.0,0.0,0.0,0.0,0.0,0.0,0.0,0.0,0.0,0.0,0.0,0.18589620453042005,0,1.200146903984162,0,1.4078232566213758,0,0,0
brs,bgy,0,0,0,0,0,0,0,8,0,0,2,1,0,2,bergamo,bristol,regno unito,2,sdi,17.0,17.0,1.0,8.0,0.058823529411764705,0.058823529411764705,0.0,1.0,0.0,0.0,0.0,0.0,0.2,0.0,0.0,0.6,0.0,0.11349000758389466,0,1.1155226998257313,0,2.2338513039308507,0,0,0
brs,fco,3,0,0,0,0,0,0,0,336,0,0,2,1,1,roma,bristol,regno unito,5,manuale,6.0,5.0,2.0,5.0,0.4,0.4,0.0,1.0,0.0,0.0,0.0,1.0,0.0,0.0,0.0,0.25,0.25,0.09646281693908715,0,1.124005966861336,0,3.6329469045896285,1,1,0
brs,mxp,5,1,0,0,0,0,0,3,0,0,0,1,1,0,milano,bristol,regno unito,2,interpol,6.0,6.0,1.0,3.0,0.16666666666666666,0.16666666666666666,0.0,1.0,0.0,0.0,0.0,0.0,1.0,0.0,0.5,0.0,0.0,0.09685905053791316,0,1.366485938659102,0,4.180924128968316,1,1,0
brs,psa,0,0,0,0,0,0,0,2,160,0,0,0,2,0,pisa,bristol,regno unito,8,interpol,1.0,1.0,1.0,1.0,1.0,1.0,0.0,1.0,0.0,0.0,1.0,0.0,0.0,0.0,0.0,0.0,0.0,0.08472072689293131,0,1.1139602025833848,0,3.462243469292972,1,1,0
brs,trn,0,0,0,0,0,0,0,3,88,0,1,1,1,0,torino,bristol,regno unito,1,nsis,3.0,3.0,1.0,3.0,0.3333333333333333,0.3333333333333333,0.0,1.0,0.0,0.0,1.0,0.0,0.0,0.3333333333333333,0.3333333333333333,0.3333333333333333,0.0,0.10573418444980298,0,1.035055464891245,0,3.462243469292972,1,1,0
brs,vce,0,4,0,0,0,0,0,0,146,164,3,1,5,0,venezia,bristol,regno unito,4,interpol,8.0,8.0,2.0,4.0,0.25,0.25,0.0,1.0,0.0,0.0,0.0,0.0,1.0,0.25,0.0,0.0,0.5,0.0826381917106988,0,1.182801645332691,0,4.180924128968316,1,1,0
brs,vrn,0,0,0,0,0,0,0,0,335,188,0,0,0,0,verona,bristol,regno unito,4,sdi,0.0,0.0,0.0,0.0,0.17504013260736295,0.0,0.0,0.0,0.0,0.0,0.0,0.0,0.0,0.0,0.0,0.0,0.0,0.17349896496600137,0,1.5227062893582666,0,1.4078232566213758,0,0,0
cai,bgy,0,169,0,0,0,95,0,86,458,423,0,6,0,1,bergamo,cairo,egitto,2,interpol,7.0,7.0,2.0,5.0,0.2857142857142857,0.4,0.0,0.6,0.0,0.0,1.0,0.25,0.0,0.5,0.0,0.0,0.5,0.013251390789928097,0,1.3028736087992099,0,3.462243469292972,1,1,0
cai,fco,27,42,0,2,0,28,0,7,807,215,7,8,6,6,roma,cairo,egitto,5,interpol,7.0,7.0,0.0,5.0,0.0,0.0,0.0,0.8,0.0,0.0,0.0,0.0,0.0,0.0,0.0,0.3333333333333333,0.3333333333333333,0.0702418640661806,0,1.0312918868449645,0,2.2328498137051778,0,0,0
cai,mxp,41,146,0,0,1,7,0,133,907,1069,10,5,6,5,milano,cairo,egitto,2,tsc,6.0,6.0,0.0,5.0,0.0,0.0,0.0,0.6,0.0,0.0,0.0,0.0,0.0,0.0,0.0,0.2,0.2,0.037705890639765705,0,1.072138858072458,0,2.7014575674788603,0,0,0
can,fco,0,0,0,2,0,0,0,0,0,0,1,1,0,0,roma,guangzhou,cina,5,manuale,5.0,5.0,0.0,3.0,0.0,0.0,0.0,1.0,0.0,0.0,0.0,0.0,0.0,0.5,0.5,0.0,0.0,0.10846800773154536,0,1.1723483908994856,0,1.8679433218616706,0,0,0
cgo,mxp,0,0,0,0,1,0,0,18,0,0,0,0,1,1,milano,zhengzhou,cina,2,nsis,0.0,0.0,0.0,0.0,0.17504013260736295,0.0,0.0,0.0,0.0,0.0,0.0,0.0,0.0,0.0,0.0,0.0,0.0,0.12774510901771707,0,2.6704393936542283,1,2.2522738932550577,0,1,0
ckg,fco,0,21,0,0,0,0,0,0,328,0,0,0,0,0,roma,chongqing,cina,5,interpol,0.0,0.0,0.0,0.0,0.17504013260736295,0.0,0.0,0.0,0.0,0.0,0.0,0.0,0.0,0.0,0.0,0.0,0.0,0.16793307659105594,0,1.8660790263666365,0,1.4078232566213758,0,0,0
cmn,bgy,49,87,0,0,0,0,0,98,163,0,1,2,2,1,bergamo,casablanca,marocco,2,manuale,1.0,1.0,0.0,1.0,0.0,0.0,0.0,1.0,0.0,0.0,0.0,0.0,0.0,0.0,0.0,1.0,0.0,0.08676114054166267,0,1.1755095270023435,0,3.597748594384635,1,1,0
cmn,blq,44,70,0,3,1,83,0,75,295,335,1,4,3,5,bologna,casablanca,marocco,8,sdi,3.0,3.0,2.0,3.0,0.6666666666666666,0.6666666666666666,0.0,1.0,0.0,0.0,0.0,1.0,1.0,0.0,0.6666666666666666,0.0,0.0,-0.0446451614267247,1,1.4249511067980973,0,4.180924128968316,1,2,1
cmn,cta,89,0,0,0,0,0,0,28,121,141,0,0,0,1,catania,casablanca,marocco,7,interpol,0.0,0.0,0.0,0.0,0.17504013260736295,0.0,0.0,0.0,0.0,0.0,0.0,0.0,0.0,0.0,0.0,0.0,0.0,0.12886416500700382,0,1.3098844048236384,0,2.319367785402853,0,0,0
cmn,cuf,0,0,0,2,0,0,0,0,0,165,1,1,0,2,cuneo,casablanca,marocco,1,sdi,2.0,2.0,0.0,2.0,0.0,0.0,0.0,1.0,0.0,0.0,0.0,0.0,0.0,0.0,0.0,0.0,0.0,0.14259351423968386,0,1.4613875387625135,0,1.7968901341974821,0,0,0
cmn,fco,66,0,0,3,0,49,0,89,140,255,2,4,2,2,roma,casablanca,marocco,5,interpol,6.0,6.0,1.0,3.0,0.16666666666666666,0.25,0.0,0.6666666666666666,0.0,0.0,0.0,0.0,0.0,0.0,0.3333333333333333,0.0,0.3333333333333333,0.07772950751380003,0,1.1100452340230216,0,2.37463208283125,0,0,0
cmn,mxp,19,0,0,0,0,0,0,47,462,508,3,4,4,2,milano,casablanca,marocco,2,manuale,2.0,2.0,0.0,2.0,0.0,0.0,0.0,1.0,0.0,0.0,0.0,0.0,0.0,0.0,0.0,0.0,1.0,0.09282362002598288,0,1.1474590943540124,0,3.553403528708004,1,1,0
cmn,nap,0,0,0,0,0,0,0,0,149,0,0,1,0,3,napoli,casablanca,marocco,6,interpol,0.0,0.0,0.0,0.0,0.17504013260736295,0.0,0.0,0.0,0.0,0.0,0.0,0.0,0.0,0.0,0.0,0.0,0.0,0.16692818363095252,0,1.6293878610417984,0,1.4078232566213758,0,0,0
cmn,psa,0,0,0,0,0,54,0,0,0,0,1,1,0,0,pisa,casablanca,marocco,8,nsis,3.0,3.0,1.0,2.0,0.3333333333333333,0.3333333333333333,0.0,1.0,0.0,0.0,0.0,0.0,0.0,0.5,0.0,0.5,0.0,0.11904850241707066,0,1.2337580702935584,0,2.1150587643998677,0,0,0
cmn,trn,49,0,0,0,0,0,0,0,0,0,0,1,3,0,torino,casablanca,marocco,1,nsis,0.0,0.0,0.0,0.0,0.17504013260736295,0.0,0.0,0.0,0.0,0.0,0.0,0.0,0.0,0.0,0.0,0.0,0.0,0.14519187125549554,0,2.323376934131157,1,1.9263768766093683,0,1,0
cmn,vce,27,147,0,0,0,0,0,52,0,155,2,0,1,1,venezia,casablanca,marocco,4,sdi,0.0,0.0,0.0,0.0,0.17504013260736295,0.0,0.0,0.0,0.0,0.0,0.0,0.0,0.0,0.0,0.0,0.0,0.0,0.11365288464595852,0,1.3895219344038265,0,2.116693509993306,0,0,0
cun,fco,0,0,0,2,0,0,0,0,0,0,0,0,0,0,roma,cancun,messico,5,sdi,0.0,0.0,0.0,0.0,0.17504013260736295,0.0,0.0,0.0,0.0,0.0,0.0,0.0,0.0,0.0,0.0,0.0,0.0,0.16080595923749325,0,2.146333496122237,1,1.7968901341974821,0,1,0
cun,mxp,0,0,0,0,0,0,0,0,0,0,0,0,0,1,milano,cancun,messico,2,nsis,3.0,3.0,1.0,3.0,0.3333333333333333,0.3333333333333333,0.0,1.0,0.0,0.0,0.0,0.0,0.0,0.0,0.0,0.0,1.0,0.1422054283747597,0,1.6029861552964875,0,3.553403528708004,1,1,0
del,fco,17,14,0,0,0,34,0,22,487,288,1,5,3,2,roma,nuova delhi,india,5,manuale,2.0,2.0,0.0,2.0,0.0,0.0,0.0,0.5,0.5,0.0,0.0,0.0,0.0,0.0,0.0,0.0,0.0,0.08928543504312508,0,1.1452654498268386,0,2.7613282079661903,0,0,0
del,mxp,27,0,0,0,0,24,0,0,264,0,0,0,1,1,milano,nuova delhi,india,2,interpol,3.0,3.0,1.0,3.0,0.3333333333333333,0.5,0.0,0.6666666666666666,0.0,0.0,0.5,0.0,0.0,0.0,1.0,0.0,0.0,0.07755557273372626,0,1.1424500802209336,0,3.6486800946245492,1,1,0
dfw,fco,0,5,0,0,0,0,0,0,0,132,2,3,1,0,roma,dallas-fort worth,stati uniti,5,sdi,1.0,1.0,0.0,1.0,0.0,0.0,0.0,1.0,0.0,0.0,0.0,0.0,0.0,0.0,0.0,0.0,0.0,0.1552866320105829,0,1.5060027429558658,0,1.2096920015850925,0,0,0
dmm,fco,0,0,0,0,0,0,0,0,322,0,1,0,0,1,roma,dammam,arabia saudita,5,interpol,1.0,1.0,1.0,1.0,1.0,0.0,1.0,0.0,1.0,0.0,0.0,0.0,0.0,1.0,0.0,0.0,0.0,0.004738935292392998,0,1.4235195941986818,0,4.955100908098609,1,1,0
doh,fco,52,60,0,0,0,44,0,23,643,581,9,4,1,7,roma,doha,qatar,5,nsis,3.0,3.0,1.0,3.0,0.3333333333333333,0.0,1.0,0.3333333333333333,0.3333333333333333,0.5,0.0,0.0,0.0,0.0,0.0,1.0,0.0,-0.02012244500517013,1,1.3128620333503678,0,4.183527258432701,1,2,1
doh,mxp,43,102,0,0,0,63,0,146,1566,1527,6,6,7,5,milano,doha,qatar,2,manuale,6.0,6.0,1.0,5.0,0.16666666666666666,0.16666666666666666,0.0,1.0,0.0,0.0,0.0,1.0,0.0,0.0,0.0,0.0,0.5,0.030097812230814314,0,1.1976149551635638,0,3.6329469045896285,1,1,0
dss,fco,0,0,0,0,0,72,0,0,0,0,0,0,0,0,roma,dakar,senegal,5,,0.0,0.0,0.0,0.0,0.17504013260736295,0.0,0.0,0.0,0.0,0.0,0.0,0.0,0.0,0.0,0.0,0.0,0.0,0.14630654538237042,0,2.5302401152364773,1,2.3133999492192303,0,1,0
dss,mxp,0,0,0,0,1,3,1,79,296,291,1,0,1,1,milano,dakar,senegal,2,sdi,2.0,2.0,0.0,1.0,0.0,0.0,0.0,0.0,1.0,0.0,0.0,0.0,0.0,0.0,0.0,0.0,0.0,0.0060702881417853405,0,1.7725208653397462,0,6.680399107870514,1,1,0
dwc,cia,0,0,0,0,0,0,0,0,1,0,0,0,0,0,roma,dubai,emirati arabi uniti,5,,0.0,0.0,0.0,0.0,0.17504013260736295,0.0,0.0,0.0,0.0,0.0,0.0,0.0,0.0,0.0,0.0,0.0,0.0,0.19249334851773958,0,0.9924907248099905,0,1.4078232566213758,0,0,0
dwc,fco,0,12,0,0,0,0,0,0,185,0,0,1,0,0,roma,dubai,emirati arabi uniti,5,manuale,1.0,1.0,0.0,1.0,0.0,0.0,0.0,1.0,0.0,0.0,0.0,0.0,0.0,0.0,0.0,0.0,0.0,0.17460149970676542,0,1.4414777201306963,0,1.1665982663493628,0,0,0
dwc,mxp,0,15,0,0,0,0,0,30,0,0,0,0,0,0,milano,dubai,emirati arabi uniti,2,interpol,3.0,3.0,1.0,1.0,0.3333333333333333,0.3333333333333333,0.0,1.0,0.0,0.3333333333333333,0.0,0.0,0.0,0.0,0.0,0.0,0.0,0.135055891810963,0,1.967172022181245,0,1.2235925696760714,0,0,0
dwc,pmo,0,0,0,0,0,0,0,0,185,0,0,0,0,0,palermo,dubai,emirati arabi uniti,7,sdi,0.0,0.0,0.0,0.0,0.17504013260736295,0.0,0.0,0.0,0.0,0.0,0.0,0.0,0.0,0.0,0.0,0.0,0.0,0.18623149695247765,0,1.4290440861037674,0,1.4078232566213758,0,0,0
dwc,vce,0,1,0,0,0,0,0,0,0,0,0,0,0,0,venezia,dubai,emirati arabi uniti,4,interpol,0.0,0.0,0.0,0.0,0.17504013260736295,0.0,0.0,0.0,0.0,0.0,0.0,0.0,0.0,0.0,0.0,0.0,0.0,0.18913528571423566,0,0.9956986199052077,0,1.4078232566213758,0,0,0
dxb,bgy,0,10,0,3,0,0,0,32,277,521,1,3,0,2,bergamo,dubai,emirati arabi uniti,2,sdi,48.0,48.0,12.0,20.0,0.25,0.39285714285714285,0.0,0.6,0.0,0.0,0.3333333333333333,0.1111111111111111,0.75,0.2222222222222222,0.1111111111111111,0.3333333333333333,0.2222222222222222,0.06180680267096017,0,1.1209261688378651,0,3.2954873278064865,1,1,0
dxb,blq,47,103,0,6,0,28,0,40,299,354,0,0,2,2,bologna,dubai,emirati arabi uniti,8,sdi,23.0,22.0,7.0,14.0,0.3181818181818182,0.3333333333333333,0.0,0.9285714285714286,0.0,0.0,0.0,0.3333333333333333,0.38461538461538464,0.3,0.2,0.1,0.3,0.047658367912336796,0,1.1764002446285537,0,3.4984890998938067,1,1,0
dxb,cta,18,0,0,3,0,0,0,43,207,108,0,0,1,2,catania,dubai,emirati arabi uniti,7,sdi,0.0,0.0,0.0,0.0,0.17504013260736295,0.0,0.0,0.0,0.0,0.0,0.0,0.0,0.0,0.0,0.0,0.0,0.0,0.10008389571145615,0,1.4354439201732652,0,2.37463208283125,0,0,0
dxb,fco,122,114,0,0,0,37,0,10,850,328,1,2,2,3,roma,dubai,emirati arabi uniti,5,sdi,44.0,39.0,10.0,25.0,0.2564102564102564,0.26666666666666666,0.25,0.72,0.16,0.16666666666666666,0.0,0.2,0.5,0.2777777777777778,0.2222222222222222,0.16666666666666666,0.05555555555555555,0.043142987967013935,0,1.0445247508791025,0,2.5282197697860593,0,0,0
dxb,lin,0,1,0,0,0,0,0,0,0,0,0,0,0,0,milano,dubai,emirati arabi uniti,2,interpol,0.0,0.0,0.0,0.0,0.17504013260736295,0.0,0.0,0.0,0.0,0.0,0.0,0.0,0.0,0.0,0.0,0.0,0.0,0.18913528571423566,0,0.9956986199052077,0,1.4078232566213758,0,0,0
dxb,mxp,48,59,0,5,0,22,0,131,1047,276,4,1,1,6,milano,dubai,emirati arabi uniti,2,sdi,64.0,64.0,25.0,38.0,0.390625,0.39344262295081966,0.0,0.9210526315789473,0.02631578947368421,0.42857142857142855,0.2,0.5,0.6666666666666666,0.2727272727272727,0.3181818181818182,0.09090909090909091,0.18181818181818182,0.013380515832773443,0,1.1478636291235629,0,3.1889136251775367,1,1,0
dxb,nap,4,30,0,0,0,0,0,21,444,72,3,4,2,1,napoli,dubai,emirati arabi uniti,6,manuale,8.0,8.0,0.0,3.0,0.0,0.0,0.0,1.0,0.0,0.0,0.0,0.0,0.0,0.0,0.0,0.0,1.0,0.10511793876626208,0,1.0781612528678517,0,3.553403528708004,1,1,0
dxb,psa,0,7,0,0,0,0,0,32,0,0,0,1,1,1,pisa,dubai,emirati arabi uniti,8,manuale,5.0,5.0,2.0,4.0,0.4,0.4,0.0,1.0,0.0,0.5,1.0,0.0,0.0,0.6666666666666666,0.0,0.3333333333333333,0.0,0.05843946099856323,0,1.1031655606873922,0,3.462243469292972,1,1,0
dxb,vce,20,83,0,0,0,38,0,74,559,0,3,3,1,2,venezia,dubai,emirati arabi uniti,4,nsis,2.0,2.0,1.0,2.0,0.5,1.0,0.0,0.5,0.5,0.0,1.0,0.0,0.0,0.0,0.0,0.0,1.0,-0.013552731869455825,1,1.4347112753450681,0,3.553403528708004,1,2,1
edi,bgy,0,4,0,0,0,6,0,0,0,343,2,3,3,4,bergamo,edinburgh,regno unito,2,manuale,5.0,5.0,1.0,4.0,0.2,0.2,0.0,1.0,0.0,0.0,0.5,0.0,0.0,0.0,0.0,0.0,0.0,0.10616289571935061,0,1.2391079774094327,0,1.8292206859820108,0,0,0
edi,cia,2,0,0,0,0,0,0,4,0,0,1,0,0,0,roma,edinburgh,regno unito,5,interpol,2.0,2.0,0.0,1.0,0.0,0.0,0.0,1.0,0.0,0.0,0.0,0.0,0.0,0.0,0.0,0.0,0.0,0.1761717902074772,0,1.9635667308306228,0,1.2096920015850925,0,0,0
edi,mxp,5,0,0,0,0,4,0,0,295,0,1,1,0,0,milano,edinburgh,regno unito,2,interpol,4.0,4.0,1.0,2.0,0.25,0.25,0.0,1.0,0.0,0.0,0.0,0.0,0.0,0.0,0.0,1.0,0.0,0.13738718776180353,0,1.0506043454810343,0,3.597748594384635,1,1,0
edi,nap,0,0,0,0,0,4,0,9,0,342,0,0,0,0,napoli,edinburgh,regno unito,6,tsc,1.0,1.0,0.0,1.0,0.0,0.0,0.0,1.0,0.0,0.0,0.0,0.0,0.0,0.0,0.0,1.0,0.0,0.13140430095979938,0,1.1889971594062811,0,3.597748594384635,1,1,0
edi,pmf,0,0,0,0,0,0,0,0,0,0,0,1,0,0,parma,edinburgh,regno unito,8,interpol,0.0,0.0,0.0,0.0,0.17504013260736295,0.0,0.0,0.0,0.0,0.0,0.0,0.0,0.0,0.0,0.0,0.0,0.0,0.19110653102489578,0,1.0080067620811377,0,1.4078232566213758,0,0,0
edi,trn,0,0,0,0,0,0,0,0,0,0,0,1,0,0,torino,edinburgh,regno unito,1,,0.0,0.0,0.0,0.0,0.17504013260736295,0.0,0.0,0.0,0.0,0.0,0.0,0.0,0.0,0.0,0.0,0.0,0.0,0.19110653102489578,0,1.0080067620811377,0,1.4078232566213758,0,0,0
edi,vce,0,15,0,0,0,0,0,4,315,312,0,2,2,2,venezia,edinburgh,regno unito,4,tsc,0.0,0.0,0.0,0.0,0.17504013260736295,0.0,0.0,0.0,0.0,0.0,0.0,0.0,0.0,0.0,0.0,0.0,0.0,0.14341789059621385,0,1.2942030353461265,0,1.4078232566213758,0,0,0
ema,bgy,0,0,0,0,2,16,0,27,179,169,0,2,0,1,bergamo,derby,regno unito,2,sdi,10.0,10.0,2.0,6.0,0.2,0.2222222222222222,0.0,0.8333333333333334,0.0,0.0,0.0,0.0,1.0,0.4,0.2,0.2,0.0,0.06137643189266717,0,1.2824165742350497,0,4.180924128968316,1,1,0
ema,cia,0,0,0,0,0,0,0,0,134,102,3,0,1,0,roma,derby,regno unito,5,interpol,0.0,0.0,0.0,0.0,0.17504013260736295,0.0,0.0,0.0,0.0,0.0,0.0,0.0,0.0,0.0,0.0,0.0,0.0,0.16090961468483672,0,1.4366777597585805,0,1.4078232566213758,0,0,0
ema,trn,0,0,0,0,0,0,0,0,0,183,0,1,1,0,torino,derby,regno unito,1,manuale,0.0,0.0,0.0,0.0,0.17504013260736295,0.0,0.0,0.0,0.0,0.0,0.0,0.0,0.0,0.0,0.0,0.0,0.0,0.17574636895383083,0,1.578597346856384,0,1.4078232566213758,0,0,0
evn,fco,0,0,0,1,0,0,0,7,116,0,0,1,0,4,roma,yerevan,armenia,5,nsis,3.0,1.0,1.0,3.0,1.0,1.0,0.0,0.6666666666666666,0.0,0.0,0.0,0.0,0.0,0.3333333333333333,0.0,0.3333333333333333,0.0,0.0870947890949832,0,1.1847182869494426,0,3.2924023706199255,1,1,0
evn,mxp,6,5,0,0,0,0,0,6,155,228,2,0,2,1,milano,yerevan,armenia,2,interpol,4.0,4.0,0.0,3.0,0.0,0.0,0.0,1.0,0.0,0.0,0.0,0.0,0.0,0.0,0.0,0.3333333333333333,0.0,0.1556845921511658,0,1.1134309436773888,0,1.1665982663493628,0,0,0
evn,vce,0,20,0,0,0,2,0,0,90,0,0,0,2,0,venezia,yerevan,armenia,4,tsc,1.0,1.0,1.0,1.0,1.0,1.0,0.0,1.0,0.0,0.0,0.0,1.0,0.0,0.0,1.0,0.0,0.0,0.039912392172828604,0,1.1825635357376814,0,3.6486800946245492,1,1,0
ewr,fco,3,15,0,0,0,4,0,14,538,499,4,1,4,1,roma,newark,stati uniti,5,interpol,11.0,9.0,1.0,8.0,0.1111111111111111,0.1111111111111111,0.0,1.0,0.0,0.0,0.0,0.16666666666666666,0.0,0.0,0.6666666666666666,0.0,0.3333333333333333,0.11334035583748331,0,1.0130485501069606,0,2.520119326539882,0,0,0
ewr,mxp,6,21,0,0,0,8,0,5,870,761,1,2,2,5,milano,newark,stati uniti,2,manuale,30.0,30.0,5.0,20.0,0.16666666666666666,0.1111111111111111,0.0,0.85,0.0,0.25,0.0,0.4,0.2,0.1,0.3,0.2,0.2,0.09968240035605724,0,0.9930823155736155,0,1.6689673301824461,0,0,0
eze,fco,11,0,0,0,0,9,0,0,1028,2142,1,3,4,4,roma,buenos aires,argentina,5,tsc,0.0,0.0,0.0,0.0,0.17504013260736295,0.0,0.0,0.0,0.0,0.0,0.0,0.0,0.0,0.0,0.0,0.0,0.0,0.10995263728786187,0,1.381057503174932,0,1.6757767144468796,0,0,0
fab,bzo,0,0,0,0,0,0,0,0,0,0,0,1,0,0,bolzano,farnborough,regno unito,4,interpol,0.0,0.0,0.0,0.0,0.17504013260736295,0.0,0.0,0.0,0.0,0.0,0.0,0.0,0.0,0.0,0.0,0.0,0.0,0.19110653102489578,0,1.0080067620811377,0,1.4078232566213758,0,0,0
fab,lin,0,0,0,0,0,0,0,0,4,0,0,2,0,0,milano,farnborough,regno unito,2,manuale,0.0,0.0,0.0,0.0,0.17504013260736295,0.0,0.0,0.0,0.0,0.0,0.0,0.0,0.0,0.0,0.0,0.0,0.0,0.1805241092627678,0,1.1424889292149383,0,1.4078232566213758,0,0,0
fab,mxp,0,0,0,0,0,0,0,0,0,0,0,0,0,1,milano,farnborough,regno unito,2,sdi,0.0,0.0,0.0,0.0,0.17504013260736295,0.0,0.0,0.0,0.0,0.0,0.0,0.0,0.0,0.0,0.0,0.0,0.0,0.19200215828461964,0,1.0444249113673378,0,1.4078232566213758,0,0,0
fab,olb,0,0,0,0,0,0,0,0,0,0,0,0,0,1,olbia,farnborough,regno unito,5,sdi,0.0,0.0,0.0,0.0,0.17504013260736295,0.0,0.0,0.0,0.0,0.0,0.0,0.0,0.0,0.0,0.0,0.0,0.0,0.19200215828461964,0,1.0444249113673378,0,1.4078232566213758,0,0,0
fez,bgy,25,103,0,0,0,40,0,19,189,0,1,0,0,1,bergamo,fes,marocco,2,nsis,2.0,2.0,1.0,1.0,0.5,0.5,0.0,1.0,0.0,0.0,0.0,0.5,0.0,0.0,0.0,0.0,0.0,0.0839484069412395,0,1.3211443405980372,0,1.9324810620507595,0,0,0
gig,fco,0,11,0,2,0,5,0,0,519,511,2,1,1,2,roma,rio de janeiro,brasile,5,tsc,5.0,5.0,0.0,3.0,0.0,0.0,0.0,1.0,0.0,0.0,0.0,0.0,0.0,0.0,0.0,0.0,1.0,0.09513618663237416,0,1.137743038932832,0,3.553403528708004,1,1,0
gla,fco,0,1,0,0,0,0,0,0,173,0,0,1,1,0,roma,glasgow,regno unito,5,sdi,1.0,1.0,0.0,1.0,0.0,0.0,0.0,1.0,0.0,0.0,0.0,0.0,0.0,0.0,1.0,0.0,0.0,0.13916474338142965,0,1.2427708440533265,0,3.6486800946245492,1,1,0
gla,trn,0,0,0,0,0,0,0,2,0,165,0,1,1,0,torino,glasgow,regno unito,1,nsis,0.0,0.0,0.0,0.0,0.17504013260736295,0.0,0.0,0.0,0.0,0.0,0.0,0.0,0.0,0.0,0.0,0.0,0.0,0.17086018645275175,0,1.628757528495175,0,1.4078232566213758,0,0,0
gla,vrn,0,1,0,0,0,0,0,0,0,0,0,0,1,0,verona,glasgow,regno unito,4,manuale,0.0,0.0,0.0,0.0,0.17504013260736295,0.0,0.0,0.0,0.0,0.0,0.0,0.0,0.0,0.0,0.0,0.0,0.0,0.1839987249155977,0,1.0799051218214593,0,1.4078232566213758,0,0,0
gru,fco,8,18,1,1,0,17,0,19,1843,1112,2,4,2,2,roma,san paolo,brasile,5,nsis,1.0,0.0,0.0,1.0,0.17504013260736295,0.0,0.0,1.0,0.0,0.0,0.0,0.0,0.0,0.0,0.0,0.0,0.0,0.07372374676950161,0,1.6146649146582424,0,6.2842857950268,1,1,0
gru,mxp,0,0,0,0,1,0,0,26,784,0,1,1,1,2,milano,san paolo,brasile,2,sdi,2.0,2.0,2.0,2.0,1.0,1.0,0.0,1.0,0.0,1.0,0.0,0.0,0.0,0.0,0.0,0.0,0.0,0.030458661881789584,0,1.2138580897573017,0,3.540123987360996,1,1,0
gyd,fco,0,0,0,0,0,0,0,1,0,0,0,0,0,4,roma,baku,azerbaigian,5,manuale,5.0,1.0,0.0,5.0,0.0,0.0,0.0,1.0,0.0,0.0,0.0,0.0,0.0,0.2,0.0,0.0,0.8,0.1179922984834475,0,1.4196883550318387,0,2.918444428970059,0,0,0
gyd,mxp,5,7,0,0,0,0,0,17,0,0,3,0,0,1,milano,baku,azerbaigian,2,sdi,0.0,0.0,0.0,0.0,0.17504013260736295,0.0,0.0,0.0,0.0,0.0,0.0,0.0,0.0,0.0,0.0,0.0,0.0,0.14298218359881,0,2.036371476731175,0,1.4078232566213758,0,0,0
hgh,fco,0,0,0,0,0,0,0,62,0,238,0,2,0,2,roma,hangzhou,cina,5,manuale,2.0,2.0,0.0,1.0,0.0,0.0,0.0,1.0,0.0,0.0,0.0,0.0,0.0,0.0,0.0,0.0,0.0,0.14964267200607417,0,1.2887137546883924,0,1.6591567596306276,0,0,0
hkg,mxp,0,0,0,0,0,12,0,10,249,296,2,1,0,0,milano,hong kong,hong kong,2,manuale,3.0,3.0,1.0,3.0,0.3333333333333333,0.0,0.0,0.6666666666666666,0.0,0.0,0.0,0.0,0.0,0.5,0.5,0.0,0.0,0.128587797382553,0,1.1123689140171247,0,1.8679433218616706,0,0,0
hnd,fco,2,0,0,0,0,0,0,2,293,259,1,0,3,1,roma,tokyo,giappone,5,nsis,3.0,2.0,0.0,3.0,0.0,0.0,0.0,0.6666666666666666,0.3333333333333333,0.0,0.0,0.0,0.0,0.0,0.0,0.0,0.3333333333333333,0.1343007984100163,0,1.2624659038994432,0,1.8631519470696878,0,0,0
hrg,fco,0,0,0,0,0,0,0,0,0,0,0,1,0,0,roma,hurghada,egitto,5,nsis,0.0,0.0,0.0,0.0,0.17504013260736295,0.0,0.0,0.0,0.0,0.0,0.0,0.0,0.0,0.0,0.0,0.0,0.0,0.19110653102489578,0,1.0080067620811377,0,1.4078232566213758,0,0,0
hrg,mxp,0,0,0,0,0,0,0,0,216,0,1,1,0,0,milano,hurghada,egitto,2,interpol,14.0,14.0,5.0,7.0,0.35714285714285715,0.35714285714285715,0.0,1.0,0.0,0.0,0.6666666666666666,0.0,0.0,0.0,0.25,0.25,0.5,0.11505634918273405,0,1.0140332624988442,0,2.4272980046841006,0,0,0
hrg,nap,0,0,0,0,0,0,0,0,0,152,1,1,1,0,napoli,hurghada,egitto,6,sdi,1.0,1.0,1.0,1.0,1.0,1.0,0.0,1.0,0.0,0.0,0.0,1.0,0.0,0.0,0.0,0.0,0.0,0.06898281166668124,0,1.132198241317452,0,3.6329469045896285,1,1,0
iad,fco,2,0,0,0,0,1,0,2,0,0,0,1,0,1,roma,washington,stati uniti,5,interpol,1.0,0.0,0.0,1.0,0.17504013260736295,0.0,0.0,1.0,0.0,0.0,0.0,0.0,0.0,0.0,0.0,0.0,0.0,0.16899916817005411,0,2.0437578646665644,1,1.2096920015850925,0,1,0
icn,fco,0,2,0,0,0,1,0,4,874,1249,0,1,2,6,roma,seoul,corea del sud,5,manuale,2.0,2.0,0.0,1.0,0.0,0.0,0.0,1.0,0.0,0.0,0.0,0.0,0.0,0.0,0.0,0.0,0.0,0.13385597071231364,0,1.154035564411709,0,1.8955904474631025,0,0,0
icn,mxp,0,0,0,0,0,5,0,0,0,263,0,1,1,2,milano,seoul,corea del sud,2,manuale,1.0,1.0,0.0,1.0,0.0,0.0,0.0,1.0,0.0,0.0,0.0,0.0,0.0,0.0,0.0,0.0,0.0,0.1597262922262625,0,1.3392052062221236,0,1.2096920015850925,0,0,0
ika,fco,0,4,0,0,0,0,0,12,0,138,0,0,0,0,roma,tehran,iran,5,sdi,256.0,255.0,39.0,28.0,0.15294117647058825,0.0,0.14919354838709678,0.0,0.8571428571428571,0.3333333333333333,0.034782608695652174,0.14,0.05714285714285714,0.38095238095238093,0.047619047619047616,0.14285714285714285,0.2857142857142857,0.010358144353061927,0,1.2313933808887236,0,4.3899768988496195,1,1,0
ika,mxp,7,0,0,0,0,0,0,11,172,0,2,1,1,0,milano,tehran,iran,2,tsc,171.0,171.0,43.0,28.0,0.25146198830409355,0.0,0.25595238095238093,0.0,0.9285714285714286,0.42857142857142855,0.0,0.2222222222222222,0.4375,0.11764705882352941,0.23529411764705882,0.11764705882352941,0.17647058823529413,-0.002457704875675981,1,1.2650045306652486,0,4.677772730258929,1,2,1
isl,lin,0,0,0,0,0,0,0,0,0,0,0,1,0,0,milano,istanbul,turchia,2,manuale,0.0,0.0,0.0,0.0,0.17504013260736295,0.0,0.0,0.0,0.0,0.0,0.0,0.0,0.0,0.0,0.0,0.0,0.0,0.19110653102489578,0,1.0080067620811377,0,1.4078232566213758,0,0,0
ist,bgy,0,0,0,0,0,0,0,0,177,0,0,0,0,0,bergamo,istanbul,turchia,2,sdi,3.0,3.0,2.0,1.0,0.6666666666666666,0.6666666666666666,0.0,1.0,0.0,0.6666666666666666,0.0,0.0,0.0,0.0,0.0,0.0,0.0,0.11702952343129386,0,1.56342483326241,0,2.4922899713185074,0,0,0
ist,blq,58,126,0,3,1,22,0,43,764,316,3,5,5,3,bologna,istanbul,turchia,8,sdi,18.0,17.0,5.0,16.0,0.29411764705882354,0.21428571428571427,0.6666666666666666,0.8125,0.1875,0.6666666666666666,0.25,0.2,0.0,0.14285714285714285,0.21428571428571427,0.21428571428571427,0.35714285714285715,0.0031145196177913004,0,1.1752111603811006,0,3.0073175332559905,1,1,0
ist,bri,0,25,0,0,0,18,1,23,133,0,1,1,0,0,bari,istanbul,turchia,9,nsis,14.0,14.0,3.0,9.0,0.21428571428571427,0.16666666666666666,1.0,0.7777777777777778,0.1111111111111111,0.0,0.0,1.0,0.16666666666666666,0.0,0.42857142857142855,0.14285714285714285,0.14285714285714285,-0.018095978156667303,1,1.558811421987792,0,6.680399107870514,1,2,1
ist,cag,0,0,0,0,0,0,0,0,0,175,0,0,0,0,cagliari,istanbul,turchia,5,,0.0,0.0,0.0,0.0,0.17504013260736295,0.0,0.0,0.0,0.0,0.0,0.0,0.0,0.0,0.0,0.0,0.0,0.0,0.18062790759926012,0,1.4640037478605896,0,1.4078232566213758,0,0,0
ist,cta,0,43,0,0,0,18,1,43,66,107,2,0,1,3,catania,istanbul,turchia,7,interpol,7.0,7.0,5.0,3.0,0.7142857142857143,0.7142857142857143,0.0,1.0,0.0,0.0,0.0,0.0,0.8333333333333334,0.0,0.3333333333333333,0.3333333333333333,0.0,0.007855579461330198,0,1.6167053932782143,0,6.680399107870514,1,1,0
ist,fco,16,73,0,0,0,58,0,57,922,1407,7,3,4,11,roma,istanbul,turchia,5,tsc,35.0,34.0,12.0,21.0,0.35294117647058826,0.5833333333333334,0.5,0.47619047619047616,0.42857142857142855,1.0,0.08333333333333333,0.0,0.42857142857142855,0.21428571428571427,0.14285714285714285,0.14285714285714285,0.07142857142857142,-0.023312827686147175,1,1.1699609809002818,0,3.540123987360996,1,2,1
ist,mxp,40,94,0,4,0,6,0,36,1240,872,7,7,3,7,milano,istanbul,turchia,2,sdi,53.0,53.0,22.0,35.0,0.41509433962264153,0.24324324324324326,0.9230769230769231,0.7714285714285715,0.14285714285714285,0.125,0.375,0.2857142857142857,0.7777777777777778,0.2413793103448276,0.1724137931034483,0.10344827586206896,0.1724137931034483,-0.0066105083299538014,1,1.1553790130134312,0,3.9305029586709894,1,2,1
ist,nap,5,94,0,0,0,17,0,25,340,681,4,3,3,4,napoli,istanbul,turchia,6,nsis,3.0,3.0,2.0,3.0,0.6666666666666666,0.5,1.0,0.6666666666666666,0.3333333333333333,0.0,0.0,1.0,0.0,0.6666666666666666,0.0,0.0,0.3333333333333333,-0.012946270955069172,1,1.3173285845755636,0,4.183527258432701,1,2,1
ist,pmo,7,18,0,0,0,0,0,0,261,34,2,1,0,1,palermo,istanbul,turchia,7,sdi,0.0,0.0,0.0,0.0,0.17504013260736295,0.0,0.0,0.0,0.0,0.0,0.0,0.0,0.0,0.0,0.0,0.0,0.0,0.14918978750779532,0,1.2089529731336361,0,1.4078232566213758,0,0,0
ist,psa,0,0,0,0,0,0,0,0,0,0,0,0,0,0,pisa,istanbul,turchia,8,sdi,0.0,0.0,0.0,0.0,0.17504013260736295,0.0,0.0,0.0,0.0,0.0,0.0,0.0,0.0,0.0,0.0,0.0,0.0,0.19393620000755996,0,0.9939303270836879,0,1.4078232566213758,0,0,0
ist,vce,39,74,0,2,0,29,0,123,1141,934,3,4,4,6,venezia,istanbul,turchia,4,manuale,23.0,23.0,13.0,17.0,0.5652173913043478,0.5,1.0,0.7058823529411765,0.23529411764705882,1.0,0.8,0.0,0.5,0.2727272727272727,0.18181818181818182,0.18181818181818182,0.09090909090909091,-0.043232136226011186,1,1.2170057481768808,0,4.183527258432701,1,2,1
jed,fco,0,11,2,0,0,6,0,31,207,199,5,3,1,4,roma,jeddah,arabia saudita,5,manuale,192.0,40.0,5.0,31.0,0.125,0.1111111111111111,0.5,0.8064516129032258,0.0967741935483871,0.0,0.1,0.0,0.75,0.11538461538461539,0.07692307692307693,0.34615384615384615,0.15384615384615385,0.0012014208599184784,0,1.9037818922152225,0,10.033810361535762,1,1,0
jed,mxp,0,80,0,5,1,32,0,100,348,114,2,2,2,5,milano,jeddah,arabia saudita,2,manuale,124.0,124.0,11.0,31.0,0.08870967741935484,0.09411764705882353,0.03571428571428571,0.7419354838709677,0.22580645161290322,0.058823529411764705,0.07894736842105263,0.10714285714285714,0.5,0.14285714285714285,0.23809523809523808,0.2857142857142857,0.14285714285714285,0.00212353278905264,0,1.1444926556977832,0,3.1889136251775367,1,1,0
jed,vce,0,0,0,0,0,0,0,0,211,0,0,1,0,0,venezia,jeddah,arabia saudita,4,interpol,8.0,8.0,3.0,5.0,0.375,0.16666666666666666,1.0,0.6,0.4,0.0,0.25,0.5,1.0,0.0,0.4,0.4,0.2,0.012970853948743089,0,1.3432282428750233,0,4.183527258432701,1,1,0
jfk,fco,24,32,0,1,0,2,0,16,1090,1065,6,2,5,8,roma,new york,stati uniti,5,nsis,37.0,30.0,1.0,26.0,0.03333333333333333,0.037037037037037035,0.0,0.8846153846153846,0.0,0.0,0.0,0.2,0.0,0.1875,0.25,0.0625,0.25,0.08791601139295302,0,0.998467574618559,0,2.265057901115902,0,0,0
jfk,mxp,18,42,0,0,0,29,0,49,872,1423,2,7,4,3,milano,new york,stati uniti,2,interpol,96.0,96.0,15.0,61.0,0.15625,0.16666666666666666,0.0,0.9180327868852459,0.0,0.0,0.25,0.1111111111111111,0.05263157894736842,0.2558139534883721,0.16279069767441862,0.23255813953488372,0.13953488372093023,0.09185100448416395,0,0.9908854283777876,0,2.0627544171266976,0,0,0
kiv,bgy,0,0,0,0,0,0,0,0,0,0,1,1,0,0,bergamo,chisinau,moldavia,2,manuale,0.0,0.0,0.0,0.0,0.17504013260736295,0.0,0.0,0.0,0.0,0.0,0.0,0.0,0.0,0.0,0.0,0.0,0.0,0.18182082484560874,0,1.1131707365700358,0,1.4078232566213758,0,0,0
kiv,blq,0,20,0,0,0,0,0,0,0,0,0,0,1,1,bologna,chisinau,moldavia,8,interpol,2.0,2.0,1.0,2.0,0.5,0.5,0.0,1.0,0.0,0.0,0.0,0.0,0.0,0.0,0.5,0.0,0.5,0.11965648486483921,0,1.1016488631507826,0,1.8679433218616706,0,0,0
kiv,fco,0,14,0,0,0,0,0,0,172,0,0,0,0,1,roma,chisinau,moldavia,5,manuale,1.0,1.0,1.0,1.0,1.0,1.0,0.0,1.0,0.0,0.0,0.0,1.0,0.0,0.0,0.0,0.0,1.0,0.04990873214498426,0,1.1947622996881357,0,3.6329469045896285,1,1,0
kiv,mxp,0,0,0,0,0,0,0,0,0,0,0,0,1,0,milano,chisinau,moldavia,2,interpol,2.0,2.0,1.0,2.0,0.5,0.5,0.0,1.0,0.0,0.0,1.0,0.0,0.0,0.0,0.0,0.0,0.0,0.12580528824561193,0,1.154669418136645,0,3.462243469292972,1,1,0
kiv,pmf,0,0,0,0,0,0,0,0,0,0,0,0,1,0,parma,chisinau,moldavia,8,,0.0,0.0,0.0,0.0,0.17504013260736295,0.0,0.0,0.0,0.0,0.0,0.0,0.0,0.0,0.0,0.0,0.0,0.0,0.1872605420991007,0,1.039546823003739,0,1.4078232566213758,0,0,0
kiv,vce,8,0,0,0,0,0,0,0,0,0,0,0,0,0,venezia,chisinau,moldavia,4,sdi,1.0,1.0,0.0,1.0,0.0,0.0,0.0,0.0,0.0,0.0,0.0,0.0,0.0,0.0,0.0,0.0,0.0,0.1662751272571979,0,1.764849693582478,0,1.4078232566213758,0,0,0
kiv,vrn,0,0,0,0,0,0,0,19,181,176,0,0,0,0,verona,chisinau,moldavia,4,manuale,0.0,0.0,0.0,0.0,0.17504013260736295,0.0,0.0,0.0,0.0,0.0,0.0,0.0,0.0,0.0,0.0,0.0,0.0,0.1621680973370485,0,1.649579900525735,0,1.4078232566213758,0,0,0
kut,fco,0,0,0,0,0,0,0,0,0,0,0,2,0,1,roma,kutaisi,georgia,5,,3.0,2.0,1.0,3.0,0.5,0.5,0.0,1.0,0.0,0.0,0.0,1.0,0.0,0.0,0.5,0.0,0.5,0.08148733923286278,0,1.1446579013264029,0,3.6329469045896285,1,1,0
kut,mxp,15,10,0,0,0,0,0,0,0,212,2,2,0,2,milano,kutaisi,georgia,2,manuale,6.0,6.0,1.0,4.0,0.16666666666666666,0.16666666666666666,0.0,1.0,0.0,0.0,0.0,0.0,0.0,0.0,0.3333333333333333,0.3333333333333333,0.3333333333333333,0.12814173651046212,0,1.0840534738930045,0,1.2096920015850925,0,0,0
kwi,fco,0,0,0,0,0,12,0,9,221,122,0,0,0,0,roma,kuwait city,kuwait,5,manuale,1.0,1.0,0.0,1.0,0.0,0.0,0.0,0.0,1.0,0.0,0.0,0.0,0.0,0.0,0.0,0.0,1.0,0.07211729590909993,0,1.36329070118873,0,4.955100908098609,1,1,0
kwi,mxp,2,33,0,0,0,8,0,8,119,217,2,1,2,2,milano,kuwait city,kuwait,2,manuale,4.0,4.0,0.0,4.0,0.0,0.0,0.0,0.5,0.5,0.0,0.0,0.0,0.0,0.5,0.0,0.5,0.0,0.09448211323417915,0,1.0951446608228486,0,2.7613282079661903,0,0,0
lax,lin,0,0,0,0,0,0,0,0,0,0,0,0,1,0,milano,los angeles,stati uniti,2,sdi,1.0,1.0,0.0,1.0,0.0,0.0,0.0,1.0,0.0,0.0,0.0,0.0,0.0,0.0,0.0,0.0,0.0,0.18046018358506138,0,2.1268137296197063,1,1.2096920015850925,0,1,0
lba,fco,0,0,0,0,0,0,0,0,0,186,0,1,0,0,roma,leeds,regno unito,5,nsis,0.0,0.0,0.0,0.0,0.17504013260736295,0.0,0.0,0.0,0.0,0.0,0.0,0.0,0.0,0.0,0.0,0.0,0.0,0.17857911819266792,0,1.4330569121275827,0,1.4078232566213758,0,0,0
lcy,blq,1,0,0,0,0,0,0,0,0,0,0,0,0,0,bologna,londra,regno unito,8,sdi,0.0,0.0,0.0,0.0,0.17504013260736295,0.0,0.0,0.0,0.0,0.0,0.0,0.0,0.0,0.0,0.0,0.0,0.0,0.19208297745195535,0,0.9888173881754365,0,1.4078232566213758,0,0,0
lcy,flr,0,2,0,0,0,0,0,7,217,366,3,4,5,2,firenze,londra,regno unito,8,sdi,6.0,6.0,2.0,5.0,0.3333333333333333,0.3333333333333333,0.0,1.0,0.0,0.0,0.5,0.0,0.0,0.0,0.0,0.5,0.0,0.1079646042531755,0,1.0201067326432853,0,1.8393791644000042,0,0,0
lcy,lin,1,2,0,0,0,13,0,3,515,158,0,9,7,6,milano,londra,regno unito,2,nsis,7.0,7.0,1.0,7.0,0.14285714285714285,0.14285714285714285,0.0,1.0,0.0,0.0,0.0,0.0,0.0,0.0,0.5,0.25,0.0,0.09297955317094908,0,1.0232998533681943,0,2.385005330793515,0,0,0
lgw,bgy,0,0,0,0,0,2,0,2,329,37,1,0,3,2,bergamo,londra,regno unito,2,interpol,15.0,15.0,4.0,8.0,0.26666666666666666,0.21428571428571427,1.0,0.875,0.125,0.3333333333333333,0.16666666666666666,0.0,0.0,0.2,0.2,0.4,0.0,0.06164090241666287,0,1.225232215890877,0,4.183527258432701,1,1,0
lgw,blq,0,1,0,0,0,0,0,0,0,0,0,1,1,0,bologna,londra,regno unito,8,tsc,9.0,9.0,4.0,8.0,0.4444444444444444,0.5,0.0,0.875,0.0,0.0,0.0,0.4,1.0,0.0,0.2,0.2,0.4,0.08181049742952667,0,1.1788963685682439,0,4.180924128968316,1,1,0
lgw,cta,8,1,0,0,0,7,0,0,124,104,0,1,2,1,catania,londra,regno unito,7,manuale,5.0,5.0,3.0,4.0,0.6,0.6,0.0,1.0,0.0,1.0,0.0,1.0,0.0,0.0,0.25,0.5,0.25,0.03792864610806368,0,1.1457413321675247,0,3.6329469045896285,1,1,0
lgw,fco,2,6,1,0,0,9,1,24,981,1541,11,16,9,7,roma,londra,regno unito,5,nsis,85.0,76.0,6.0,57.0,0.07894736842105263,0.04838709677419355,0.3333333333333333,0.8070175438596491,0.15789473684210525,0.0,0.07142857142857142,0.0,0.2727272727272727,0.1794871794871795,0.28205128205128205,0.15384615384615385,0.2564102564102564,-0.05679968792628731,1,1.7454358723908616,0,6.680399107870514,1,2,1
lgw,flr,0,17,0,1,0,0,0,10,341,810,3,6,3,2,firenze,londra,regno unito,8,nsis,15.0,15.0,4.0,13.0,0.26666666666666666,0.2857142857142857,0.0,0.9230769230769231,0.0,0.5,0.6666666666666666,0.0,0.16666666666666666,0.18181818181818182,0.2727272727272727,0.18181818181818182,0.18181818181818182,0.07559412285100892,0,1.0219991856120352,0,2.4272980046841006,0,0,0
lgw,lin,6,0,0,0,0,5,0,7,0,0,2,0,1,0,milano,londra,regno unito,2,interpol,2.0,2.0,1.0,2.0,0.5,0.5,0.0,1.0,0.0,0.0,1.0,0.0,0.0,0.0,0.0,1.0,0.0,0.06650725992680728,0,1.1266157359530422,0,3.597748594384635,1,1,0
lgw,mxp,12,67,0,2,1,6,0,37,1618,1334,8,9,5,8,milano,londra,regno unito,2,sdi,121.0,120.0,19.0,70.0,0.15833333333333333,0.15789473684210525,0.3333333333333333,0.9142857142857143,0.04285714285714286,0.19047619047619047,0.375,0.19230769230769232,0.08333333333333333,0.17307692307692307,0.28846153846153844,0.23076923076923078,0.1346153846153846,0.00934535410848647,0,1.025640121055057,0,2.403500022507084,0,0,0
lgw,nap,9,33,0,0,0,14,0,20,400,864,4,4,2,1,napoli,londra,regno unito,6,manuale,12.0,12.0,3.0,7.0,0.25,0.125,0.5,0.8571428571428571,0.14285714285714285,0.0,0.0,0.0,0.0,0.4,0.0,0.0,0.0,0.08500531511585813,0,1.0386248790653956,0,2.327606009585646,0,0,0
lgw,psa,8,2,0,0,0,0,0,0,0,296,0,1,2,1,pisa,londra,regno unito,8,interpol,18.0,18.0,2.0,14.0,0.1111111111111111,0.13333333333333333,0.0,0.7857142857142857,0.0,0.0,0.4,0.0,0.0,0.16666666666666666,0.4166666666666667,0.0,0.16666666666666666,0.11714939731911822,0,1.0839719757938702,0,1.514135771289831,0,0,0
lgw,trn,3,10,0,1,0,7,0,10,406,827,2,6,2,5,torino,londra,regno unito,1,interpol,21.0,21.0,6.0,17.0,0.2857142857142857,0.2631578947368421,1.0,0.8823529411764706,0.058823529411764705,0.2,0.6666666666666666,0.3333333333333333,0.0,0.38461538461538464,0.0,0.15384615384615385,0.23076923076923078,0.031437783954996856,0,1.1264829880366884,0,4.183527258432701,1,1,0
lgw,vce,4,10,0,0,0,7,0,21,489,640,5,8,12,5,venezia,londra,regno unito,4,tsc,47.0,47.0,8.0,32.0,0.1702127659574468,0.1891891891891892,0.0,0.78125,0.09375,0.2,0.3333333333333333,0.25,0.0,0.16666666666666666,0.25,0.2916666666666667,0.125,0.07684952315326388,0,0.9914675444201084,0,2.8175314143228416,0,0,0
lgw,vrn,7,7,0,0,0,1,0,2,504,397,5,2,7,5,verona,londra,regno unito,4,interpol,30.0,30.0,5.0,20.0,0.16666666666666666,0.17857142857142858,0.0,0.9,0.05,0.0,0.0,0.16666666666666666,0.3333333333333333,0.0,0.4117647058823529,0.29411764705882354,0.23529411764705882,0.09306946163401025,0,0.9809895144789037,0,2.119578816519059,0,0,0
lhr,blq,13,19,0,0,0,12,0,16,1479,517,3,12,7,6,bologna,londra,regno unito,8,manuale,25.0,25.0,5.0,21.0,0.2,0.20833333333333334,0.0,0.9523809523809523,0.0,0.0,0.25,0.0,0.4,0.2222222222222222,0.2777777777777778,0.1111111111111111,0.2777777777777778,0.07460883806033863,0,0.990946105175478,0,2.763896512905786,0,0,0
lhr,fco,11,21,0,0,0,21,0,17,1450,1099,11,11,12,12,roma,londra,regno unito,5,interpol,15.0,14.0,0.0,13.0,0.0,0.0,0.0,0.9230769230769231,0.0,0.0,0.0,0.0,0.0,0.4,0.1,0.4,0.0,0.050200689500435436,0,1.0379282516224964,0,2.8306527955750016,0,0,0
lhr,lin,10017,36,0,0,0,18,0,50,1858,1218,9,9,12,3,milano,londra,regno unito,2,interpol,18.0,18.0,1.0,16.0,0.05555555555555555,0.058823529411764705,0.0,0.9375,0.0,0.3333333333333333,0.0,0.0,0.0,0.09090909090909091,0.45454545454545453,0.0,0.09090909090909091,0.04198900894118551,0,1.2584987167480572,0,5.470004912227311,1,1,0
lhr,mxp,15,15,0,0,0,7,0,19,1170,325,8,7,4,4,milano,londra,regno unito,2,manuale,23.0,23.0,2.0,16.0,0.08695652173913043,0.13333333333333333,0.0,0.75,0.125,0.0,0.3333333333333333,0.0,0.0,0.2857142857142857,0.21428571428571427,0.2857142857142857,0.0,0.07991360635834632,0,1.0072743323393145,0,2.403500022507084,0,0,0
lhr,nap,0,11,0,0,0,0,0,0,0,0,2,1,0,1,napoli,londra,regno unito,6,manuale,2.0,1.0,0.0,2.0,0.0,0.0,0.0,1.0,0.0,0.0,0.0,0.0,0.0,0.0,1.0,0.0,0.0,0.12940702195103837,0,1.2505400740643,0,3.6486800946245492,1,1,0
lhr,psa,0,6,0,0,0,6,0,2,46,0,0,2,1,1,pisa,londra,regno unito,8,tsc,5.0,5.0,0.0,4.0,0.0,0.0,0.0,1.0,0.0,0.0,0.0,0.0,0.0,0.0,0.0,0.25,0.5,0.13663635423199733,0,1.0665760289649913,0,1.8196767279777855,0,0,0
lhr,trn,0,0,0,0,0,0,0,0,0,89,0,0,0,0,torino,londra,regno unito,1,nsis,3.0,3.0,0.0,2.0,0.0,0.0,0.0,1.0,0.0,0.0,0.0,0.0,0.0,0.5,0.0,0.0,0.0,0.15914319954770384,0,1.2598657901476171,0,1.8083449714405475,0,0,0
lhr,vce,2,21,0,1,0,0,0,13,1381,987,2,6,8,5,venezia,londra,regno unito,4,interpol,5.0,5.0,0.0,3.0,0.0,0.0,0.0,1.0,0.0,0.0,0.0,0.0,0.0,0.0,0.6666666666666666,0.3333333333333333,0.0,0.08706143689393842,0,1.0590380980458638,0,2.520119326539882,0,0,0
lpl,bgy,0,0,0,0,0,5,0,0,0,0,0,1,1,0,bergamo,liverpool,regno unito,2,interpol,0.0,0.0,0.0,0.0,0.17504013260736295,0.0,0.0,0.0,0.0,0.0,0.0,0.0,0.0,0.0,0.0,0.0,0.0,0.1740229404107549,0,1.4367464982981666,0,1.4078232566213758,0,0,0
lpl,cia,0,0,0,0,0,0,0,0,0,184,0,1,0,1,roma,liverpool,regno unito,5,interpol,1.0,1.0,0.0,1.0,0.0,0.0,0.0,1.0,0.0,0.0,0.0,0.0,0.0,0.0,0.0,0.0,1.0,0.14217675804854069,0,1.1896253575804583,0,3.553403528708004,1,1,0
lrm,fco,0,0,0,0,0,0,0,25,0,0,0,0,0,0,roma,la romana,repubblica dominicana,5,tsc,3.0,3.0,1.0,1.0,0.3333333333333333,0.3333333333333333,0.0,1.0,0.0,0.0,0.0,0.3333333333333333,0.0,0.0,1.0,0.0,0.0,0.11528392016429245,0,1.1176538497157629,0,3.6486800946245492,1,1,0
lrm,mxp,0,54,0,1,0,0,0,53,0,0,1,0,1,1,milano,la romana,repubblica dominicana,2,interpol,12.0,12.0,4.0,6.0,0.3333333333333333,0.2727272727272727,0.0,0.8333333333333334,0.0,1.0,1.0,0.0,0.2,0.25,0.0,0.0,0.5,0.022184482168548514,0,1.2320523175925762,0,3.540123987360996,1,1,0
ltn,bgy,0,0,0,0,0,0,0,0,0,5,0,0,0,0,bergamo,londra,regno unito,2,sdi,0.0,0.0,0.0,0.0,0.17504013260736295,0.0,0.0,0.0,0.0,0.0,0.0,0.0,0.0,0.0,0.0,0.0,0.0,0.18672880404519576,0,0.9925847672761421,0,1.4078232566213758,0,0,0
ltn,blq,0,18,0,0,0,5,0,15,0,0,1,1,1,1,bologna,londra,regno unito,8,sdi,28.0,28.0,5.0,16.0,0.17857142857142858,0.17857142857142858,0.0,1.0,0.0,0.3333333333333333,0.2,0.25,0.0,0.21428571428571427,0.35714285714285715,0.21428571428571427,0.07142857142857142,0.10699295190606489,0,1.0141340907382033,0,1.248432020796566,0,0,0
ltn,cia,0,0,0,0,0,0,0,0,1,0,0,0,0,0,roma,londra,regno unito,5,,0.0,0.0,0.0,0.0,0.17504013260736295,0.0,0.0,0.0,0.0,0.0,0.0,0.0,0.0,0.0,0.0,0.0,0.0,0.19249334851773958,0,0.9924907248099905,0,1.4078232566213758,0,0,0
ltn,cta,2,2,0,0,0,0,0,0,0,108,1,0,1,0,catania,londra,regno unito,7,interpol,4.0,4.0,0.0,4.0,0.0,0.0,0.0,0.75,0.0,0.0,0.0,0.0,0.0,1.0,0.0,0.0,0.0,0.12763335561287387,0,1.137177982903604,0,3.5482720514109154,1,1,0
ltn,lin,0,0,0,0,0,0,0,0,0,0,0,2,0,1,milano,londra,regno unito,2,interpol,0.0,0.0,0.0,0.0,0.17504013260736295,0.0,0.0,0.0,0.0,0.0,0.0,0.0,0.0,0.0,0.0,0.0,0.0,0.1804937675326821,0,1.1630229320177967,0,1.4078232566213758,0,0,0
ltn,mxp,2,0,0,0,0,6,0,7,89,266,3,1,2,2,milano,londra,regno unito,2,tsc,31.0,31.0,7.0,18.0,0.22580645161290322,0.2222222222222222,0.0,0.7777777777777778,0.1111111111111111,0.2,0.0,0.5,0.0,0.3076923076923077,0.07692307692307693,0.0,0.38461538461538464,0.09275493087113423,0,1.0093595148620593,0,1.9324810620507595,0,0,0
ltn,nap,15,7,0,0,0,4,0,13,176,81,1,2,0,2,napoli,londra,regno unito,6,nsis,3.0,3.0,2.0,2.0,0.6666666666666666,0.6666666666666666,0.0,1.0,0.0,0.6666666666666666,0.0,0.0,0.0,0.0,0.0,1.0,0.0,0.0707237651862983,0,1.1278787514778466,0,3.597748594384635,1,1,0
ltn,trn,1,5,0,0,0,0,0,6,120,0,0,0,0,0,torino,londra,regno unito,1,interpol,9.0,9.0,2.0,6.0,0.2222222222222222,0.2222222222222222,0.0,1.0,0.0,0.0,0.4,0.0,0.0,0.0,0.2,0.2,0.4,0.13462404987983906,0,1.0341648844321587,0,1.4375837304219061,0,0,0
ltn,tsf,0,11,0,0,0,0,0,0,0,0,0,1,1,1,treviso,londra,regno unito,4,nsis,9.0,9.0,0.0,6.0,0.0,0.0,0.0,0.8333333333333334,0.0,0.0,0.0,0.0,0.0,0.0,0.5,0.25,0.0,0.14614437976699485,0,1.1274193675095217,0,1.8679433218616706,0,0,0
lxr,mxp,0,0,0,0,0,7,0,0,0,0,0,1,1,0,milano,luxor,egitto,2,manuale,0.0,0.0,0.0,0.0,0.17504013260736295,0.0,0.0,0.0,0.0,0.0,0.0,0.0,0.0,0.0,0.0,0.0,0.0,0.17268091885235737,0,1.553981592217807,0,1.4078232566213758,0,0,0
lyx,trn,0,0,0,0,0,0,0,0,3,0,0,0,0,0,torino,lydd,regno unito,1,,0.0,0.0,0.0,0.0,0.17504013260736295,0.0,0.0,0.0,0.0,0.0,0.0,0.0,0.0,0.0,0.0,0.0,0.0,0.19130708104187893,0,0.9883965628672519,0,1.4078232566213758,0,0,0
man,bgy,0,14,0,0,0,0,0,0,311,188,3,2,2,2,bergamo,manchester,regno unito,2,tsc,38.0,37.0,3.0,19.0,0.08108108108108109,0.08333333333333333,0.0,0.9473684210526315,0.0,0.0,0.0,0.25,0.13333333333333333,0.13333333333333333,0.3333333333333333,0.2,0.13333333333333333,0.12742827054375383,0,0.9908635603542528,0,1.1994239823519202,0,0,0
man,blq,0,19,0,0,0,0,0,0,169,167,1,0,0,1,bologna,manchester,regno unito,8,manuale,22.0,22.0,7.0,13.0,0.3181818181818182,0.3333333333333333,0.0,0.9230769230769231,0.0,0.0,0.45454545454545453,0.0,0.5,0.2,0.2,0.2,0.1,0.10751780523179344,0,1.0281924768092177,0,2.2733255562523804,0,0,0
man,cia,0,8,0,0,0,4,0,9,357,864,1,2,5,3,roma,manchester,regno unito,5,interpol,18.0,18.0,2.0,10.0,0.1111111111111111,0.11764705882352941,0.0,0.9,0.0,0.0,0.5,0.0,0.0,0.3333333333333333,0.16666666666666666,0.16666666666666666,0.0,0.11301065093072377,0,0.9913524393096331,0,1.8292206859820108,0,0,0
man,fco,0,0,0,0,0,0,0,0,280,186,0,0,3,0,roma,manchester,regno unito,5,nsis,5.0,3.0,0.0,5.0,0.0,0.0,0.0,1.0,0.0,0.0,0.0,0.0,0.0,0.0,0.0,0.0,0.5,0.14770567971496673,0,1.2067090512206033,0,1.8196767279777855,0,0,0
man,mxp,2,13,0,0,0,3,0,5,0,365,1,1,3,2,milano,manchester,regno unito,2,tsc,22.0,22.0,5.0,18.0,0.22727272727272727,0.23809523809523808,0.0,0.9444444444444444,0.0,0.2,0.25,0.0,0.5,0.0,0.25,0.08333333333333333,0.16666666666666666,0.09913418832913756,0,1.014175886393461,0,2.2733255562523804,0,0,0
man,nap,7,5,0,0,0,0,0,0,522,135,1,0,0,2,napoli,manchester,regno unito,6,manuale,1.0,1.0,1.0,1.0,1.0,1.0,0.0,1.0,0.0,0.0,0.0,0.0,1.0,0.0,0.0,0.0,0.0,0.05469207618527433,0,1.2839957316182091,0,4.180924128968316,1,1,0
man,psa,18,0,0,0,0,0,0,10,276,178,1,1,0,2,pisa,manchester,regno unito,8,interpol,12.0,12.0,0.0,9.0,0.0,0.0,0.0,1.0,0.0,0.0,0.0,0.0,0.0,0.125,0.25,0.0,0.25,0.1489591229824498,0,1.05959095503557,0,1.2794555554562785,0,0,0
man,trn,0,0,0,0,0,0,0,7,798,288,0,2,2,2,torino,manchester,regno unito,1,sdi,3.0,3.0,1.0,2.0,0.3333333333333333,0.3333333333333333,0.0,1.0,0.0,0.0,0.0,0.0,0.0,0.5,0.0,0.0,0.0,0.1466951176451602,0,1.0663897250335885,0,1.8083449714405475,0,0,0
man,vce,11,0,0,1,0,9,0,0,124,258,2,3,2,5,venezia,manchester,regno unito,4,tsc,4.0,4.0,3.0,4.0,0.75,0.5,1.0,0.5,0.25,1.0,0.0,0.0,0.0,0.25,0.25,0.5,0.0,-0.0004004736199728631,1,1.1647172889363282,0,4.183527258432701,1,2,1
man,vrn,15,0,0,0,0,0,0,0,187,0,1,0,0,1,verona,manchester,regno unito,4,tsc,0.0,0.0,0.0,0.0,0.17504013260736295,0.0,0.0,0.0,0.0,0.0,0.0,0.0,0.0,0.0,0.0,0.0,0.0,0.16339663966575052,0,1.7191734591699646,0,1.4078232566213758,0,0,0
mba,fco,22,0,0,0,0,0,0,0,700,0,1,0,0,0,roma,mombasa,kenya,5,manuale,4.0,3.0,0.0,4.0,0.0,0.0,0.0,1.0,0.0,0.0,0.0,0.0,0.0,0.75,0.0,0.0,0.25,0.12568428176472374,0,1.1115347734922214,0,2.7406621643106184,0,0,0
mba,mxp,26,44,0,0,0,0,0,0,329,0,0,0,0,0,milano,mombasa,kenya,2,sdi,4.0,4.0,3.0,4.0,0.75,0.6666666666666666,0.0,0.75,0.0,1.0,1.0,0.0,0.0,0.0,0.0,0.0,0.3333333333333333,0.03273630473647382,0,1.1638612141812485,0,3.540123987360996,1,1,0
mbj,mxp,0,0,0,0,0,0,0,0,0,0,0,1,0,0,milano,montego bay,giamaica,2,nsis,0.0,0.0,0.0,0.0,0.17504013260736295,0.0,0.0,0.0,0.0,0.0,0.0,0.0,0.0,0.0,0.0,0.0,0.0,0.19110653102489578,0,1.0080067620811377,0,1.4078232566213758,0,0,0
mct,mxp,1,87,0,5,0,39,0,38,1107,0,2,3,0,1,milano,muscat,oman,2,interpol,1.0,1.0,0.0,1.0,0.0,0.0,0.0,1.0,0.0,0.0,0.0,0.0,0.0,0.0,0.0,0.0,1.0,0.04726590044607176,0,1.3173946923605253,0,3.553403528708004,1,1,0
mex,fco,0,7,0,2,0,0,0,7,413,0,1,1,1,1,roma,citta del messico,messico,5,manuale,5.0,5.0,1.0,3.0,0.2,1.0,0.0,0.3333333333333333,0.0,1.0,0.0,0.0,0.0,0.0,0.0,0.5,0.0,0.06081874784035585,0,1.2135030885214817,0,3.540123987360996,1,1,0
mia,fco,0,10,0,0,0,25,0,25,786,0,2,3,0,2,roma,miami,stati uniti,5,sdi,14.0,14.0,1.0,10.0,0.07142857142857142,0.07142857142857142,0.0,1.0,0.0,0.0,0.0,0.0,0.3333333333333333,0.16666666666666666,0.0,0.6666666666666666,0.0,0.08704249541033582,0,1.086626064541152,0,2.4833633664089456,0,0,0
mji,fco,0,0,0,0,0,0,0,0,0,0,1,0,2,0,roma,tripoli,libia,5,manuale,2.0,2.0,0.0,1.0,0.0,0.0,0.0,1.0,0.0,0.0,0.0,0.0,0.0,0.0,0.0,0.0,0.0,0.17342596704158286,0,1.8097964015689165,0,1.2096920015850925,0,0,0
mle,fco,0,0,0,0,0,9,0,28,571,328,3,4,0,2,roma,male,maldive,5,manuale,14.0,10.0,2.0,7.0,0.2,0.2,0.0,1.0,0.0,0.0,0.0,0.25,0.0,0.16666666666666666,0.16666666666666666,0.0,0.3333333333333333,0.1260030270540618,0,1.0189210125542894,0,1.3840025640745452,0,0,0
mle,mxp,0,0,0,0,0,0,0,0,363,0,0,0,1,0,milano,male,maldive,2,tsc,26.0,26.0,10.0,23.0,0.38461538461538464,0.38461538461538464,0.0,1.0,0.0,0.0,0.0,0.5,0.5,0.35714285714285715,0.14285714285714285,0.07142857142857142,0.14285714285714285,0.0940696034529343,0,1.0505792293887193,0,2.2733255562523804,0,0,0
mru,fco,0,22,0,0,0,0,0,0,0,0,1,0,0,0,roma,plaisance,mauritius,5,interpol,3.0,3.0,0.0,3.0,0.0,0.0,0.0,1.0,0.0,0.0,0.0,0.0,0.0,0.0,0.0,1.0,0.0,0.1349749939239206,0,1.164504669531814,0,3.597748594384635,1,1,0
ncl,bgy,2,0,0,0,0,0,0,12,0,176,0,0,3,0,bergamo,newcastle,regno unito,2,sdi,7.0,7.0,3.0,4.0,0.42857142857142855,0.5,0.0,0.75,0.0,0.0,0.0,0.4,0.0,0.5,0.25,0.0,0.25,0.10095478644511963,0,1.0785249114316249,0,1.8083449714405475,0,0,0
ncl,fco,0,0,0,0,0,0,0,0,0,0,0,0,0,1,roma,newcastle,regno unito,5,,2.0,2.0,0.0,2.0,0.0,0.0,0.0,0.0,1.0,0.0,0.0,0.0,0.0,0.0,0.0,0.0,0.5,0.11372618356017061,0,3.3584081138152606,1,4.955100908098609,1,2,1
ncl,trn,0,0,0,0,0,1,0,0,364,181,0,0,0,1,torino,newcastle,regno unito,1,interpol,0.0,0.0,0.0,0.0,0.17504013260736295,0.0,0.0,0.0,0.0,0.0,0.0,0.0,0.0,0.0,0.0,0.0,0.0,0.16423483473671385,0,1.40153664099253,0,1.4078232566213758,0,0,0
nht,lin,0,0,0,0,0,0,0,0,0,0,0,0,0,1,milano,northolt,regno unito,2,manuale,0.0,0.0,0.0,0.0,0.17504013260736295,0.0,0.0,0.0,0.0,0.0,0.0,0.0,0.0,0.0,0.0,0.0,0.0,0.19200215828461964,0,1.0444249113673378,0,1.4078232566213758,0,0,0
nkg,mxp,13,0,0,0,0,13,0,0,204,165,0,1,0,0,milano,nanjing,cina,2,interpol,0.0,0.0,0.0,0.0,0.17504013260736295,0.0,0.0,0.0,0.0,0.0,0.0,0.0,0.0,0.0,0.0,0.0,0.0,0.14494828330678522,0,1.5693197515367798,0,1.4078232566213758,0,0,0
oak,lin,0,0,0,0,0,0,0,0,0,0,0,1,0,0,milano,oakland,stati uniti,2,,0.0,0.0,0.0,0.0,0.17504013260736295,0.0,0.0,0.0,0.0,0.0,0.0,0.0,0.0,0.0,0.0,0.0,0.0,0.19110653102489578,0,1.0080067620811377,0,1.4078232566213758,0,0,0
oxf,lin,0,0,0,0,0,0,0,0,5,0,0,0,0,0,milano,oxford,regno unito,2,sdi,0.0,0.0,0.0,0.0,0.17504013260736295,0.0,0.0,0.0,0.0,0.0,0.0,0.0,0.0,0.0,0.0,0.0,0.0,0.1910998975922889,0,1.0037206758806216,0,1.4078232566213758,0,0,0
pek,fco,73,0,1,1,0,74,0,25,734,250,2,4,1,0,roma,pechino,cina,5,tsc,2.0,2.0,0.0,2.0,0.0,0.0,0.0,1.0,0.0,0.0,0.0,0.0,0.0,0.0,0.0,0.5,0.0,0.04782378371513346,0,1.6618667972056511,0,6.2842857950268,1,1,0
pek,mxp,23,21,0,0,0,0,0,40,789,524,1,0,3,1,milano,pechino,cina,2,sdi,3.0,3.0,1.0,3.0,0.3333333333333333,0.3333333333333333,0.0,1.0,0.0,0.0,1.0,0.0,0.0,0.0,0.5,0.5,0.0,0.06630879252389332,0,1.1473420892344408,0,3.462243469292972,1,1,0
phl,fco,0,7,0,0,0,0,0,4,369,208,0,1,1,2,roma,filadelfia,stati uniti,5,sdi,2.0,2.0,1.0,2.0,0.5,0.5,0.0,1.0,0.0,0.0,1.0,0.0,0.0,0.0,0.5,0.0,0.0,0.10468129338802101,0,1.0349461685051784,0,3.462243469292972,1,1,0
phl,psa,0,0,0,0,0,0,0,0,0,4,0,0,0,0,pisa,filadelfia,stati uniti,8,nsis,0.0,0.0,0.0,0.0,0.17504013260736295,0.0,0.0,0.0,0.0,0.0,0.0,0.0,0.0,0.0,0.0,0.0,0.0,0.188620506757959,0,0.9923253031454168,0,1.4078232566213758,0,0,0
prn,mxp,0,0,0,1,1,0,0,41,498,0,2,0,0,0,milano,pristina,cossovo,2,manuale,157.0,154.0,20.0,28.0,0.12987012987012986,0.12987012987012986,0.0,1.0,0.0,0.0625,0.08108108108108109,0.3076923076923077,0.25,0.35714285714285715,0.07142857142857142,0.14285714285714285,0.14285714285714285,0.048640286376044395,0,1.1479592887809051,0,2.2522738932550577,0,0,0
pvg,fco,0,50,0,0,0,0,0,30,465,0,4,1,0,0,roma,shanghai,cina,5,interpol,8.0,7.0,2.0,5.0,0.2857142857142857,0.2857142857142857,0.0,1.0,0.0,0.0,0.0,0.0,0.0,0.0,0.25,0.25,0.5,0.11404126878046733,0,1.0474390827458175,0,1.8196767279777855,0,0,0
pvg,mxp,12,1,0,2,0,16,0,19,255,0,1,1,2,2,milano,shanghai,cina,2,manuale,5.0,5.0,4.0,2.0,0.8,0.5,0.0,0.5,0.0,0.0,0.8,0.0,0.0,0.0,0.0,0.0,0.0,0.06338084896323976,0,1.1105752011807624,0,2.864166150590882,0,0,0
rak,bgy,10,52,0,0,0,35,0,99,0,566,1,1,3,5,bergamo,marrakech,marocco,2,sdi,10.0,10.0,2.0,7.0,0.2,0.2222222222222222,0.0,0.8571428571428571,0.14285714285714285,0.3333333333333333,0.0,1.0,0.0,0.2,0.2,0.6,0.0,0.01773377115866659,0,1.1886599805171727,0,3.6329469045896285,1,1,0
rak,blq,0,0,0,0,0,0,0,0,419,146,0,3,1,0,bologna,marrakech,marocco,8,tsc,0.0,0.0,0.0,0.0,0.17504013260736295,0.0,0.0,0.0,0.0,0.0,0.0,0.0,0.0,0.0,0.0,0.0,0.0,0.15861683687476646,0,1.3594648720951992,0,1.4078232566213758,0,0,0
rak,cia,0,24,0,3,0,1,0,18,0,0,1,3,0,1,roma,marrakech,marocco,5,nsis,5.0,5.0,1.0,4.0,0.2,0.2,0.0,1.0,0.0,0.0,0.5,0.0,0.0,0.0,1.0,0.0,0.0,0.066709861997653,0,1.1805373405334154,0,3.6486800946245492,1,1,0
rak,fco,33,0,0,0,0,0,0,26,470,0,2,1,0,0,roma,marrakech,marocco,5,manuale,4.0,4.0,0.0,3.0,0.0,0.0,0.0,0.3333333333333333,0.0,0.0,0.0,0.0,0.0,0.0,0.0,0.0,0.0,0.13679436600469852,0,1.4692170057384881,0,1.668525077866893,0,0,0
rak,mxp,79,19,0,0,0,0,0,0,738,0,1,3,5,4,milano,marrakech,marocco,2,nsis,13.0,13.0,1.0,8.0,0.07692307692307693,0.09090909090909091,0.0,0.75,0.0,0.0,0.5,0.0,0.0,0.16666666666666666,0.0,0.3333333333333333,0.3333333333333333,0.08121034868836019,0,1.1133058314635869,0,2.2406187000850264,0,0,0
rak,nap,28,28,0,0,0,0,0,63,178,194,1,1,1,0,napoli,marrakech,marocco,6,sdi,0.0,0.0,0.0,0.0,0.17504013260736295,0.0,0.0,0.0,0.0,0.0,0.0,0.0,0.0,0.0,0.0,0.0,0.0,0.12821757299103503,0,1.2277797608461225,0,1.6688295288839172,0,0,0
rak,psa,0,33,0,4,0,0,0,0,0,198,0,0,1,0,pisa,marrakech,marocco,8,nsis,5.0,5.0,2.0,3.0,0.4,0.5,0.0,0.6666666666666666,0.0,0.0,0.5,0.0,0.0,0.0,0.5,0.0,0.0,0.08383716077210823,0,1.262190093406396,0,2.822763553320914,0,0,0
rak,trn,29,26,0,1,0,0,0,0,0,169,1,0,1,2,torino,marrakech,marocco,1,interpol,0.0,0.0,0.0,0.0,0.17504013260736295,0.0,0.0,0.0,0.0,0.0,0.0,0.0,0.0,0.0,0.0,0.0,0.0,0.1177446937474046,0,1.498458310841442,0,1.5848416936833907,0,0,0
rak,tsf,21,0,0,1,0,83,0,25,0,198,1,1,1,2,treviso,marrakech,marocco,4,nsis,0.0,0.0,0.0,0.0,0.17504013260736295,0.0,0.0,0.0,0.0,0.0,0.0,0.0,0.0,0.0,0.0,0.0,0.0,0.0893481646898614,0,1.5043220592858504,0,2.4117258516801923,0,0,0
rba,cia,33,0,0,0,0,0,0,0,190,361,0,0,0,0,roma,rabat,marocco,5,interpol,0.0,0.0,0.0,0.0,0.17504013260736295,0.0,0.0,0.0,0.0,0.0,0.0,0.0,0.0,0.0,0.0,0.0,0.0,0.1496161486066473,0,1.4063786506817322,0,1.668525077866893,0,0,0
rmf,bgy,0,0,0,0,0,0,0,0,0,0,0,0,1,0,bergamo,marsa alam,egitto,2,sdi,2.0,2.0,1.0,2.0,0.5,0.5,0.0,1.0,0.0,0.0,1.0,0.0,0.0,0.0,0.0,0.0,0.0,0.12580528824561193,0,1.154669418136645,0,3.462243469292972,1,1,0
rmf,fco,0,0,0,0,0,0,0,0,184,0,1,0,0,0,roma,marsa alam,egitto,5,interpol,0.0,0.0,0.0,0.0,0.17504013260736295,0.0,0.0,0.0,0.0,0.0,0.0,0.0,0.0,0.0,0.0,0.0,0.0,0.1775954580223777,0,1.5703513558119557,0,1.4078232566213758,0,0,0
rmf,mxp,5,0,0,0,0,12,0,5,303,0,0,1,0,0,milano,marsa alam,egitto,2,manuale,19.0,18.0,7.0,9.0,0.3888888888888889,0.3888888888888889,0.0,1.0,0.0,0.5,0.5,0.0,0.0,0.0,0.0,0.3333333333333333,0.16666666666666666,0.09365327025663672,0,1.033396020143237,0,1.8867645787352638,0,0,0
rmf,nap,0,0,0,0,0,0,0,0,0,0,1,0,1,1,napoli,marsa alam,egitto,6,manuale,0.0,0.0,0.0,0.0,0.17504013260736295,0.0,0.0,0.0,0.0,0.0,0.0,0.0,0.0,0.0,0.0,0.0,0.0,0.17824114502255556,0,1.3596375831604073,0,1.4078232566213758,0,0,0
rmf,vrn,0,13,0,0,0,0,0,0,0,0,0,1,0,1,verona,marsa alam,egitto,4,manuale,6.0,6.0,0.0,3.0,0.0,0.0,0.0,1.0,0.0,0.0,0.0,0.0,0.0,0.0,0.0,0.5,0.0,0.15887435504984032,0,1.0963970576283975,0,1.8393791644000042,0,0,0
rmo,bgy,0,7,0,0,0,0,0,0,108,0,0,0,1,1,bergamo,chisinau,moldavia,2,interpol,1.0,1.0,0.0,1.0,0.0,0.0,0.0,1.0,0.0,0.0,0.0,0.0,0.0,1.0,0.0,0.0,0.0,0.13888870189379432,0,1.0594312486537552,0,3.5482720514109154,1,1,0
rmo,blq,10,0,0,0,0,17,0,0,381,0,1,1,0,0,bologna,chisinau,moldavia,8,interpol,6.0,6.0,2.0,6.0,0.3333333333333333,0.4,0.0,0.8333333333333334,0.0,0.0,0.0,0.0,0.0,0.0,0.25,0.25,0.25,0.13398282949235207,0,1.1225313408126782,0,1.3325829315643563,0,0,0
rmo,fco,0,0,0,0,0,0,0,7,185,0,0,2,1,1,roma,chisinau,moldavia,5,manuale,2.0,1.0,0.0,2.0,0.0,0.0,0.0,1.0,0.0,0.0,0.0,0.0,0.0,0.5,0.0,0.0,0.0,0.15675806606880016,0,1.0763684145766892,0,1.8083449714405475,0,0,0
rmo,lin,0,0,0,0,0,0,0,0,0,2,0,0,0,0,milano,chisinau,moldavia,2,nsis,0.0,0.0,0.0,0.0,0.17504013260736295,0.0,0.0,0.0,0.0,0.0,0.0,0.0,0.0,0.0,0.0,0.0,0.0,0.18796460528884718,0,0.9906053426426509,0,1.4078232566213758,0,0,0
rmo,mxp,14,0,0,1,0,0,0,9,0,0,1,0,1,0,milano,chisinau,moldavia,2,tsc,3.0,3.0,2.0,3.0,0.6666666666666666,0.6666666666666666,0.0,1.0,0.0,0.5,0.0,0.0,0.0,0.3333333333333333,0.0,0.3333333333333333,0.0,0.0865200432246297,0,1.1211552544729548,0,2.1195317874622006,0,0,0
rmo,pmf,0,9,0,0,0,7,0,0,137,0,0,0,0,1,parma,chisinau,moldavia,8,nsis,1.0,1.0,0.0,1.0,0.0,0.0,0.0,1.0,0.0,0.0,0.0,0.0,0.0,1.0,0.0,0.0,0.0,0.12655457601976466,0,1.071754561899055,0,3.5482720514109154,1,1,0
rmo,vce,11,34,0,0,0,0,0,0,141,179,1,0,2,0,venezia,chisinau,moldavia,4,interpol,0.0,0.0,0.0,0.0,0.17504013260736295,0.0,0.0,0.0,0.0,0.0,0.0,0.0,0.0,0.0,0.0,0.0,0.0,0.1465327387790425,0,1.2238398947173106,0,1.4078232566213758,0,0,0
rmo,vrn,11,0,0,2,0,0,0,0,0,0,0,0,0,1,verona,chisinau,moldavia,4,sdi,3.0,3.0,1.0,1.0,0.3333333333333333,0.3333333333333333,0.0,1.0,0.0,0.0,0.0,0.0,0.3333333333333333,0.0,0.0,0.0,0.0,0.12379126181733413,0,2.7864814004676224,1,1.7968901341974821,0,1,0
ruh,fco,0,0,0,0,0,6,0,2,253,460,1,3,4,1,roma,riyadh,arabia saudita,5,interpol,26.0,23.0,3.0,12.0,0.13043478260869565,0.047619047619047616,1.0,0.8333333333333334,0.08333333333333333,0.0,0.0,0.0,0.6666666666666666,0.42857142857142855,0.14285714285714285,0.0,0.14285714285714285,0.0531754579588371,0,1.262861588018485,0,4.183527258432701,1,1,0
ruh,lin,0,0,0,0,0,0,0,0,0,0,0,0,0,0,milano,riyadh,arabia saudita,2,,0.0,0.0,0.0,0.0,0.17504013260736295,0.0,0.0,0.0,0.0,0.0,0.0,0.0,0.0,0.0,0.0,0.0,0.0,0.19393620000755996,0,0.9939303270836879,0,1.4078232566213758,0,0,0
ruh,psa,0,0,0,0,0,0,0,0,0,3,0,0,0,0,pisa,riyadh,arabia saudita,8,,0.0,0.0,0.0,0.0,0.17504013260736295,0.0,0.0,0.0,0.0,0.0,0.0,0.0,0.0,0.0,0.0,0.0,0.0,0.18874192378064414,0,0.9917501063704621,0,1.4078232566213758,0,0,0
ruh,vce,0,0,0,0,0,0,0,4,0,0,0,0,0,0,venezia,riyadh,arabia saudita,4,sdi,2.0,2.0,1.0,2.0,0.5,0.5,0.0,1.0,0.0,0.0,0.0,1.0,0.0,0.0,1.0,0.0,0.0,0.08451115649968144,0,1.159991394836962,0,3.6486800946245492,1,1,0
saw,bgy,37,28,0,5,0,27,0,37,1405,1008,8,1,2,4,bergamo,istanbul,turchia,2,manuale,154.0,153.0,64.0,79.0,0.41830065359477125,0.3888888888888889,0.5277777777777778,0.6329113924050633,0.2911392405063291,0.6521739130434783,0.5185185185185185,0.38461538461538464,0.391304347826087,0.24193548387096775,0.1774193548387097,0.14516129032258066,0.1774193548387097,-0.022231781641958825,1,1.1547233003738386,0,3.1889136251775367,1,2,1
saw,blq,7,14,0,0,0,3,0,8,450,712,5,4,2,1,bologna,istanbul,turchia,8,interpol,65.0,65.0,23.0,31.0,0.35384615384615387,0.42857142857142855,0.3333333333333333,0.5483870967741935,0.22580645161290322,0.4166666666666667,0.6666666666666666,0.26666666666666666,0.125,0.3125,0.1875,0.0625,0.1875,0.024920008289191276,0,1.0435331438686277,0,2.4272980046841006,0,0,0
saw,fco,28,44,1,2,0,25,0,26,984,864,7,7,3,6,roma,istanbul,turchia,5,manuale,128.0,120.0,42.0,75.0,0.35,0.31343283582089554,0.40425531914893614,0.56,0.37333333333333335,0.29411764705882354,0.2631578947368421,0.28,0.5238095238095238,0.14545454545454545,0.12727272727272726,0.21818181818181817,0.3090909090909091,-0.02696434159511385,1,1.3789194536964413,0,6.2842857950268,1,2,1
saw,vce,0,0,0,0,0,0,0,9,184,156,1,2,0,0,venezia,istanbul,turchia,4,interpol,31.0,31.0,2.0,14.0,0.06451612903225806,0.2,0.038461538461538464,0.2857142857142857,0.7142857142857143,1.0,0.0,0.0625,0.0,0.3,0.3,0.1,0.1,0.050383973212592414,0,1.2195729014437682,0,3.7795964693624264,1,1,0
shj,bgy,0,57,0,0,0,48,0,26,189,148,0,1,1,4,bergamo,sharjah,emirati arabi uniti,2,tsc,54.0,54.0,5.0,15.0,0.09259259259259259,0.38461538461538464,0.0,0.4,0.0,0.0,0.0,0.0,0.06666666666666667,0.36363636363636365,0.18181818181818182,0.2727272727272727,0.18181818181818182,0.0820944381697114,0,1.0328469128875728,0,2.034137400114756,0,0,0
sid,fco,0,0,0,0,0,0,0,0,6,0,0,0,0,2,roma,sal,capo verde,5,nsis,0.0,0.0,0.0,0.0,0.17504013260736295,0.0,0.0,0.0,0.0,0.0,0.0,0.0,0.0,0.0,0.0,0.0,0.0,0.1793145209699747,0,1.3202257666280266,0,1.4078232566213758,0,0,0
sid,mxp,0,0,0,0,0,0,0,0,20,6,0,2,0,0,milano,sal,capo verde,2,nsis,0.0,0.0,0.0,0.0,0.17504013260736295,0.0,0.0,0.0,0.0,0.0,0.0,0.0,0.0,0.0,0.0,0.0,0.0,0.1731053186211105,0,1.30998626613247,0,1.4078232566213758,0,0,0
sid,vrn,0,0,0,0,0,0,0,0,0,0,0,1,0,0,verona,sal,capo verde,4,tsc,0.0,0.0,0.0,0.0,0.17504013260736295,0.0,0.0,0.0,0.0,0.0,0.0,0.0,0.0,0.0,0.0,0.0,0.0,0.19110653102489578,0,1.0080067620811377,0,1.4078232566213758,0,0,0
sin,fco,0,0,0,0,0,10,0,0,171,185,0,0,0,1,roma,singapore,singapore,5,nsis,2.0,2.0,1.0,2.0,0.5,0.5,0.0,1.0,0.0,1.0,0.0,0.0,0.0,0.0,0.5,0.0,0.0,0.09710131276020478,0,1.158263258637,0,3.540123987360996,1,1,0
sin,mxp,0,7,0,1,0,5,0,5,725,686,2,0,2,3,milano,singapore,singapore,2,manuale,2.0,2.0,1.0,2.0,0.5,1.0,0.0,0.5,0.0,0.0,0.0,1.0,0.0,0.0,1.0,0.0,0.0,0.017485318488070112,0,1.2635454153666916,0,3.6486800946245492,1,1,0
skp,fco,0,0,0,0,0,15,0,0,184,0,0,1,1,2,roma,skopje,macedonia,5,nsis,19.0,6.0,1.0,11.0,0.16666666666666666,0.16666666666666666,0.0,1.0,0.0,0.0,0.0,0.3333333333333333,0.0,0.2,0.3,0.3,0.2,0.133929221281474,0,0.985248141990297,0,1.2500712380863557,0,0,0
skp,mxp,0,18,0,0,0,20,0,0,0,0,2,0,0,0,milano,skopie,macedonia,2,manuale,13.0,13.0,3.0,9.0,0.23076923076923078,0.23076923076923078,0.0,1.0,0.0,0.0,0.0,0.0,0.0,0.125,0.5,0.125,0.125,0.1125077615247283,0,1.0596351180555152,0,1.8679433218616706,0,0,0
skp,vce,0,0,0,0,0,0,0,23,0,318,0,0,1,0,venezia,skopie,macedonia,4,manuale,7.0,7.0,3.0,7.0,0.42857142857142855,0.3333333333333333,0.0,0.8571428571428571,0.0,0.0,0.5,1.0,0.5,0.2,0.4,0.2,0.2,0.03970740800353367,0,1.13637000103652,0,3.6329469045896285,1,1,0
sll,mxp,0,0,0,0,0,0,0,0,0,357,1,0,0,0,milano,salalah,oman,2,interpol,0.0,0.0,0.0,0.0,0.17504013260736295,0.0,0.0,0.0,0.0,0.0,0.0,0.0,0.0,0.0,0.0,0.0,0.0,0.17032082432286316,0,1.679004065994335,0,1.4078232566213758,0,0,0
sll,vrn,0,0,0,0,0,0,0,0,0,0,1,0,0,0,verona,salalah,oman,4,manuale,0.0,0.0,0.0,0.0,0.17504013260736295,0.0,0.0,0.0,0.0,0.0,0.0,0.0,0.0,0.0,0.0,0.0,0.0,0.18431580683842547,0,1.0749620551190668,0,1.4078232566213758,0,0,0
spx,fco,17,18,0,0,0,29,0,19,531,179,2,2,0,3,roma,giza,egitto,5,nsis,23.0,23.0,0.0,8.0,0.0,0.0,0.0,1.0,0.0,0.0,0.0,0.0,0.0,0.25,0.5,0.0,0.0,0.11572599355511254,0,1.033819883484687,0,1.8679433218616706,0,0,0
spx,mxp,67,75,0,0,0,34,0,59,344,0,0,1,1,2,milano,giza,egitto,2,interpol,14.0,14.0,5.0,5.0,0.35714285714285715,0.375,0.0,0.8,0.0,1.0,0.5,0.3333333333333333,0.0,0.0,0.3333333333333333,0.3333333333333333,0.3333333333333333,0.026403653781150282,0,1.1753054246822248,0,3.540123987360996,1,1,0
ssh,bgy,0,0,0,0,0,0,0,5,0,192,1,1,0,0,bergamo,sharm el sheikh,egitto,2,interpol,0.0,0.0,0.0,0.0,0.17504013260736295,0.0,0.0,0.0,0.0,0.0,0.0,0.0,0.0,0.0,0.0,0.0,0.0,0.16565015481369527,0,1.6792229334748356,0,1.4078232566213758,0,0,0
ssh,blq,0,0,0,0,0,0,0,0,0,0,0,0,0,1,bologna,sharm el sheikh,egitto,8,nsis,17.0,17.0,5.0,8.0,0.29411764705882354,0.29411764705882354,0.0,1.0,0.0,0.25,0.2857142857142857,0.5,1.0,0.2857142857142857,0.2857142857142857,0.0,0.14285714285714285,0.06234228707596445,0,1.1843035816815586,0,4.180924128968316,1,1,0
ssh,bri,0,0,0,0,0,0,0,5,0,0,0,0,0,1,bari,sharm el sheikh,egitto,9,manuale,1.0,1.0,0.0,1.0,0.0,0.0,0.0,0.0,0.0,0.0,0.0,0.0,0.0,0.0,0.0,0.0,0.0,0.16749150546604052,0,1.6056847726983456,0,1.4078232566213758,0,0,0
ssh,cta,0,11,0,0,0,0,0,0,0,0,0,0,1,0,catania,sharm el sheikh,egitto,7,manuale,3.0,3.0,1.0,3.0,0.3333333333333333,1.0,0.0,0.3333333333333333,0.0,0.0,1.0,0.0,0.0,0.3333333333333333,0.3333333333333333,0.0,0.0,0.08807026305935117,0,1.108203372174879,0,3.462243469292972,1,1,0
ssh,fco,0,0,0,1,0,16,0,0,565,175,4,1,0,0,roma,sharm el sheikh,egitto,5,manuale,21.0,11.0,7.0,12.0,0.6363636363636364,0.6,0.0,0.9166666666666666,0.0,1.0,0.0,0.0,0.0,0.1111111111111111,0.2222222222222222,0.3333333333333333,0.1111111111111111,0.05589846452527958,0,1.1576105127170087,0,3.540123987360996,1,1,0
ssh,mxp,69,115,0,0,0,28,0,46,598,402,6,7,5,7,milano,sharm el sheikh,egitto,2,sdi,93.0,92.0,31.0,47.0,0.33695652173913043,0.32142857142857145,0.0,0.8936170212765957,0.0,0.5,0.47619047619047616,0.125,0.2,0.1891891891891892,0.13513513513513514,0.2972972972972973,0.1891891891891892,0.0476587945069773,0,1.0192162754012393,0,2.1513403505179958,0,0,0
ssh,nap,0,0,0,0,0,16,0,0,525,174,2,3,3,1,napoli,sharm el sheikh,egitto,6,nsis,5.0,5.0,1.0,3.0,0.2,0.2,0.0,1.0,0.0,1.0,0.0,0.0,0.0,0.6666666666666666,0.0,0.3333333333333333,0.0,0.08347796335177277,0,1.2232889894487013,0,3.540123987360996,1,1,0
ssh,vce,0,25,0,0,0,0,0,16,216,0,0,1,0,0,venezia,sharm el sheikh,egitto,4,interpol,13.0,13.0,2.0,5.0,0.15384615384615385,0.15384615384615385,0.0,1.0,0.0,0.0,0.0,0.25,0.0,0.5,0.0,0.0,0.25,0.12703991893941102,0,1.0391466346706957,0,1.8083449714405475,0,0,0
ssh,vrn,8,0,0,0,0,10,0,0,194,177,0,0,1,0,verona,sharm el sheikh,egitto,4,manuale,3.0,3.0,3.0,2.0,1.0,1.0,0.0,1.0,0.0,0.0,0.0,1.0,0.0,0.0,0.0,0.5,0.0,0.05237010994161262,0,1.166191972069523,0,3.6329469045896285,1,1,0
stn,aoi,13,0,0,0,0,8,0,0,0,0,1,0,2,1,ancona,londra,regno unito,8,manuale,9.0,9.0,2.0,7.0,0.2222222222222222,0.2857142857142857,0.0,0.8571428571428571,0.0,0.5,0.0,0.0,0.0,0.0,0.0,0.0,1.0,0.08619866511790453,0,1.13904205152761,0,3.553403528708004,1,1,0
stn,bds,0,0,0,0,0,0,0,26,0,0,0,0,0,0,brindisi,londra,regno unito,9,tsc,4.0,4.0,0.0,4.0,0.0,0.0,0.0,1.0,0.0,0.0,0.0,0.0,0.0,0.3333333333333333,0.3333333333333333,0.3333333333333333,0.0,0.1384467219631793,0,1.1466335552675613,0,1.2096920015850925,0,0,0
stn,bgy,25,76,0,3,0,18,0,29,928,2240,5,14,12,10,bergamo,londra,regno unito,2,interpol,10150.0,152.0,23.0,100.0,0.1513157894736842,0.15217391304347827,0.0,0.86,0.02,0.2,0.1875,0.1,0.04,0.19230769230769232,0.20512820512820512,0.3076923076923077,0.16666666666666666,0.01945778018137201,0,1.0497955475328464,0,3.3329234710031033,1,1,0
stn,blq,11,18,0,1,0,0,0,41,894,148,5,4,1,2,bologna,londra,regno unito,8,manuale,74.0,74.0,10.0,39.0,0.13513513513513514,0.15151515151515152,0.0,0.9230769230769231,0.0,0.1,0.0,0.4444444444444444,0.15,0.28,0.2,0.2,0.08,0.07806886951415493,0,0.989708322244877,0,1.8014620024295018,0,0,0
stn,bri,3,0,0,0,0,14,0,9,352,554,0,1,3,2,bari,londra,regno unito,9,tsc,24.0,24.0,6.0,14.0,0.25,0.23809523809523808,0.0,0.8571428571428571,0.07142857142857142,0.2,0.25,0.375,0.0,0.3333333333333333,0.16666666666666666,0.16666666666666666,0.0,0.09840891206813679,0,0.994432294262887,0,1.4181637352109444,0,0,0
stn,cag,17,6,0,0,0,0,0,0,0,0,0,2,0,0,cagliari,londra,regno unito,5,interpol,1.0,1.0,0.0,1.0,0.0,0.0,0.0,0.0,0.0,0.0,0.0,0.0,0.0,0.0,0.0,0.0,0.0,0.1509703353767824,0,2.0529174436787248,1,1.4078232566213758,0,1,0
stn,cia,2,29,0,0,0,15,0,36,1333,1671,6,8,9,14,roma,londra,regno unito,5,nsis,58.0,53.0,11.0,48.0,0.20754716981132076,0.22448979591836735,0.0,0.9166666666666666,0.020833333333333332,0.4166666666666667,0.2222222222222222,0.0,0.0,0.13513513513513514,0.21621621621621623,0.2972972972972973,0.21621621621621623,0.06202091672978527,0,1.0008632767516734,0,3.016043205717939,1,1,0
stn,cta,8,18,0,1,0,6,0,0,162,169,1,0,1,0,catania,londra,regno unito,7,nsis,4.0,4.0,0.0,3.0,0.0,0.0,0.0,0.6666666666666666,0.3333333333333333,0.0,0.0,0.0,0.0,0.5,0.0,0.5,0.0,0.09190121526101813,0,1.1248961934575417,0,1.8631519470696878,0,0,0
stn,fco,0,0,0,0,0,0,0,2,133,0,0,0,0,0,roma,londra,regno unito,5,interpol,4.0,3.0,0.0,3.0,0.0,0.0,0.0,0.6666666666666666,0.0,0.0,0.0,0.0,0.0,0.0,1.0,0.0,0.0,0.13476187415374968,0,1.7419649825033652,0,3.6486800946245492,1,1,0
stn,goa,0,5,0,0,0,3,0,0,119,181,1,0,4,1,genova,londra,regno unito,1,nsis,39.0,39.0,3.0,20.0,0.07692307692307693,0.07894736842105263,0.0,0.95,0.0,0.08333333333333333,0.0,0.16666666666666666,0.0,0.125,0.3125,0.25,0.1875,0.12029369967596187,0,1.0208212138246509,0,1.4439146081456076,0,0,0
stn,mxp,8,28,0,0,0,11,0,25,796,796,5,6,3,7,milano,londra,regno unito,2,manuale,115.0,115.0,25.0,63.0,0.21739130434782608,0.22857142857142856,0.3333333333333333,0.9047619047619048,0.031746031746031744,0.13043478260869565,0.2777777777777778,0.15789473684210525,0.5,0.19607843137254902,0.21568627450980393,0.27450980392156865,0.1568627450980392,0.05732309917041001,0,1.0003927605823928,0,2.2733255562523804,0,0,0
stn,nap,5,15,0,0,0,20,0,9,512,495,5,6,4,1,napoli,londra,regno unito,6,interpol,11.0,11.0,1.0,8.0,0.09090909090909091,0.09090909090909091,0.0,1.0,0.0,0.0,0.0,0.0,0.0,0.0,0.0,0.5714285714285714,0.14285714285714285,0.10902456442961928,0,1.0003619932315628,0,2.1237186530503207,0,0,0
stn,peg,0,16,0,0,0,0,0,8,165,0,0,1,0,0,perugia,londra,regno unito,5,nsis,24.0,24.0,3.0,16.0,0.125,0.13043478260869565,0.0,0.9375,0.0,0.14285714285714285,0.3333333333333333,0.0,0.2,0.23076923076923078,0.0,0.23076923076923078,0.3076923076923077,0.11247933242156755,0,1.030591859180214,0,1.1606271268660164,0,0,0
stn,pmo,11,5,0,0,0,12,0,16,0,0,0,0,0,1,palermo,londra,regno unito,7,manuale,5.0,5.0,0.0,5.0,0.0,0.0,0.0,0.6,0.2,0.0,0.0,0.0,0.0,0.0,0.4,0.2,0.2,0.10520459903814838,0,1.2523668763968332,0,1.4408811060334301,0,0,0
stn,psa,3,9,0,0,0,0,0,24,537,687,3,1,3,3,pisa,londra,regno unito,8,interpol,63.0,63.0,13.0,36.0,0.20634920634920634,0.2,0.0,0.9444444444444444,0.0,0.13333333333333333,0.2,0.42857142857142855,0.42857142857142855,0.034482758620689655,0.2413793103448276,0.3103448275862069,0.13793103448275862,0.09095957511964392,0,0.9843593214726013,0,1.9498015815431649,0,0,0
stn,psr,0,0,0,0,0,0,0,8,349,0,0,1,1,2,pescara,londra,regno unito,9,tsc,13.0,13.0,4.0,9.0,0.3076923076923077,0.3076923076923077,0.0,1.0,0.0,0.0,0.5,0.3333333333333333,0.0,0.16666666666666666,0.16666666666666666,0.16666666666666666,0.0,0.11983612658226,0,1.0252507871209482,0,1.8292206859820108,0,0,0
stn,suf,0,3,0,0,0,0,0,0,69,94,1,0,2,1,lamezia terme,londra,regno unito,6,tsc,1.0,1.0,0.0,1.0,0.0,0.0,0.0,0.0,0.0,0.0,0.0,0.0,0.0,0.0,0.0,0.0,0.0,0.15363752157100846,0,1.4186801217804956,0,1.4078232566213758,0,0,0
stn,trn,5,18,0,0,0,0,0,19,627,173,1,3,3,3,torino,londra,regno unito,1,interpol,45.0,45.0,6.0,30.0,0.13333333333333333,0.09523809523809523,1.0,0.9,0.03333333333333333,0.0,0.5,0.18181818181818182,0.3333333333333333,0.08333333333333333,0.4583333333333333,0.125,0.125,0.05685564611400845,0,1.1443330088300436,0,4.183527258432701,1,1,0
stn,trs,1,0,0,0,0,0,0,4,318,0,0,3,1,1,trieste,londra,regno unito,4,tsc,7.0,7.0,2.0,6.0,0.2857142857142857,0.5,0.5,0.3333333333333333,0.3333333333333333,1.0,0.0,0.0,0.0,0.3333333333333333,0.3333333333333333,0.0,0.3333333333333333,0.030388304146981904,0,1.1905646437035338,0,3.540123987360996,1,1,0
stn,vce,4,49,0,0,0,17,0,27,644,869,5,8,8,4,venezia,londra,regno unito,4,interpol,66.0,66.0,10.0,45.0,0.15151515151515152,0.14545454545454545,0.2,0.8222222222222222,0.06666666666666667,0.0,0.3,0.16666666666666666,0.11764705882352941,0.17647058823529413,0.17647058823529413,0.23529411764705882,0.2647058823529412,0.08253536731146244,0,0.9928708488900023,0,2.2889004485122117,0,0,0
stn,vrn,4,23,0,0,0,7,0,4,166,160,1,0,2,2,verona,londra,regno unito,4,nsis,41.0,41.0,4.0,21.0,0.0975609756097561,0.1111111111111111,0.0,0.8571428571428571,0.047619047619047616,0.0,0.0,0.09090909090909091,0.0,0.11764705882352941,0.23529411764705882,0.29411764705882354,0.29411764705882354,0.12066113118624006,0,0.9933285265499535,0,1.040817342150846,0,0,0
szx,fco,23,0,2,0,0,63,0,0,170,0,1,1,1,1,roma,shenzhen,cina,5,interpol,0.0,0.0,0.0,0.0,0.17504013260736295,0.0,0.0,0.0,0.0,0.0,0.0,0.0,0.0,0.0,0.0,0.0,0.0,0.0669741524817063,0,3.2444017346738834,1,10.033810361535762,1,2,1
szx,mxp,0,0,0,0,0,0,0,11,0,0,1,3,0,0,milano,shenzhen,cina,2,manuale,1.0,1.0,0.0,1.0,0.0,0.0,0.0,1.0,0.0,0.0,0.0,0.0,0.0,0.0,0.0,0.0,0.0,0.16355498200191465,0,1.8224540373661078,0,1.2096920015850925,0,0,0
tas,mxp,0,0,0,0,0,0,0,0,0,0,1,1,0,0,milano,tashkent,uzbekistan,2,interpol,0.0,0.0,0.0,0.0,0.17504013260736295,0.0,0.0,0.0,0.0,0.0,0.0,0.0,0.0,0.0,0.0,0.0,0.0,0.18182082484560874,0,1.1131707365700358,0,1.4078232566213758,0,0,0
tbs,bgy,0,0,0,0,0,0,0,0,70,0,1,3,0,0,bergamo,tbilisi,georgia,2,,1.0,1.0,0.0,1.0,0.0,0.0,0.0,0.0,1.0,0.0,0.0,0.0,0.0,0.0,0.0,0.0,0.0,0.11399110457048028,0,3.6481702757109806,1,4.955100908098609,1,2,1
tbs,lin,0,0,0,0,0,0,0,0,4,0,0,0,0,0,milano,tbilisi,georgia,2,tsc,0.0,0.0,0.0,0.0,0.17504013260736295,0.0,0.0,0.0,0.0,0.0,0.0,0.0,0.0,0.0,0.0,0.0,0.0,0.1912188885088148,0,0.9865974221502654,0,1.4078232566213758,0,0,0
tfu,fco,7,0,0,0,0,0,0,0,0,0,1,0,0,1,roma,chengdu,cina,5,interpol,2.0,1.0,0.0,2.0,0.0,0.0,0.0,1.0,0.0,0.0,0.0,0.0,0.0,0.0,0.0,1.0,0.0,0.14081850543438007,0,1.1502323540241766,0,3.597748594384635,1,1,0
tgd,fco,0,0,0,0,0,3,0,0,46,0,0,0,1,1,roma,podgorica,montenegro,5,interpol,4.0,4.0,0.0,4.0,0.0,0.0,0.0,1.0,0.0,0.0,0.0,0.0,0.0,0.3333333333333333,0.0,0.6666666666666666,0.0,0.13236833882590415,0,1.0326019255965964,0,2.4833633664089456,0,0,0
tgd,mxp,0,0,0,0,0,0,0,0,254,0,0,0,1,3,milano,podgorica,montenegro,2,interpol,215.0,215.0,85.0,16.0,0.3953488372093023,0.421875,0.0,0.8125,0.0625,0.23529411764705882,0.2222222222222222,0.1724137931034483,0.0,0.14285714285714285,0.2857142857142857,0.35714285714285715,0.14285714285714285,0.05900161557606004,0,1.039108283342371,0,2.024285586683721,0,0,0
tgd,nap,0,0,0,0,0,11,0,0,0,0,0,0,0,0,napoli,podgorica,montenegro,6,interpol,0.0,0.0,0.0,0.0,0.17504013260736295,0.0,0.0,0.0,0.0,0.0,0.0,0.0,0.0,0.0,0.0,0.0,0.0,0.17419799680032955,0,1.6553948164315468,0,1.4078232566213758,0,0,0
tia,aoi,37,52,0,39,0,28,0,42,347,123,0,2,4,1,ancona,tirana,albania,8,interpol,4408.0,4408.0,956.0,53.0,0.21687840290381125,0.22036896638867828,0.0,0.8867924528301887,0.0,0.15311004784688995,0.24772727272727274,0.36821192052980134,0.1702127659574468,0.14285714285714285,0.3142857142857143,0.11428571428571428,0.22857142857142856,0.009394543161384772,0,1.197560105173573,0,6.99883402626108,1,1,0
tia,bds,0,11,0,0,0,0,0,0,139,0,1,1,0,0,brindisi,tirana,albania,9,manuale,464.0,441.0,58.0,17.0,0.13151927437641722,0.12919896640826872,0.0,0.9411764705882353,0.0,0.11363636363636363,0.18292682926829268,0.047619047619047616,0.16153846153846155,0.1111111111111111,0.2222222222222222,0.1111111111111111,0.3333333333333333,0.08721740544314516,0,1.0231927151774265,0,1.9819406684341294,0,0,0
tia,bgy,134,261,0,5,1,121,1,79,1453,707,6,9,15,12,bergamo,tirana,albania,2,tsc,24877.0,24454.0,4574.0,283.0,0.1870450642021755,0.18437346875139204,0.0,0.911660777385159,0.0,0.20159503766061143,0.1529438303631852,0.18207762557077625,0.22564318852804724,0.22169811320754718,0.22169811320754718,0.20754716981132076,0.16037735849056603,-0.08944706915221567,1,1.5864541237225434,0,6.680399107870514,1,2,1
tia,blq,61,217,0,10,0,88,0,92,961,776,12,4,10,3,bologna,tirana,albania,8,manuale,29738.0,19885.0,3954.0,219.0,0.19884334925823485,0.200309151964181,1.0,0.9360730593607306,0.0045662100456621,0.25439146800501883,0.18427323272438442,0.20391826416684222,0.19025450031036623,0.20710059171597633,0.24260355029585798,0.15976331360946747,0.1893491124260355,-0.04793211468182046,1,1.2363518901093584,0,4.406195179453414,1,2,1
tia,bri,0,81,0,1,0,36,0,41,169,774,3,2,5,1,bari,tirana,albania,9,sdi,5674.0,5673.0,851.0,118.0,0.15000881367882954,0.1544507761839261,0.0,0.8813559322033898,0.00847457627118644,0.10823529411764705,0.15880322209436135,0.2106430155210643,0.1210727969348659,0.27586206896551724,0.14942528735632185,0.19540229885057472,0.21839080459770116,0.04382394360241848,0,1.0784507734469022,0,3.379184660233053,1,1,0
tia,cia,53,1,0,1,0,20,0,30,533,0,2,1,0,0,roma,tirana,albania,5,interpol,6212.0,5951.0,1054.0,76.0,0.17711309023693497,0.1818019943019943,0.0,0.9210526315789473,0.013157894736842105,0.16839134524929444,0.13847675568743817,0.23099703849950642,0.24976167778836988,0.23636363636363636,0.12727272727272726,0.16363636363636364,0.18181818181818182,0.029480939303420217,0,1.098150737075071,0,3.505449214558951,1,1,0
tia,ciy,0,0,0,0,1,1,0,0,0,121,0,0,0,0,comiso,tirana,albania,7,manuale,707.0,707.0,111.0,9.0,0.157001414427157,0.157001414427157,0.0,1.0,0.0,1.0,0.17073170731707318,0.0,0.0,0.14285714285714285,0.14285714285714285,0.14285714285714285,0.0,0.014128569267489843,0,1.2000438834978226,0,3.540123987360996,1,1,0
tia,cta,27,39,0,1,0,14,0,41,320,340,3,4,6,4,catania,tirana,albania,7,interpol,4346.0,4337.0,653.0,125.0,0.1505649066174775,0.1523194643711143,0.0,0.96,0.0,0.16204379562043797,0.11457174638487208,0.13880445795339413,0.1598639455782313,0.27586206896551724,0.1839080459770115,0.20689655172413793,0.13793103448275862,0.06001359555044106,0,1.0358042865872146,0,3.222924212170338,1,1,0
tia,fco,50,55,0,8,0,0,0,55,402,0,2,6,5,5,roma,tirana,albania,5,interpol,14214.0,11340.0,1130.0,214.0,0.09964726631393298,0.1031348543869412,1.0,0.9392523364485982,0.004672897196261682,0.07783121993878443,0.13885554221688676,0.10710441334768568,0.09220701963117192,0.23214285714285715,0.19047619047619047,0.19047619047619047,0.15476190476190477,-0.026495469751880885,1,1.2083735729785225,0,4.183527258432701,1,2,1
tia,flr,0,60,0,0,0,0,0,0,131,120,0,0,0,0,firenze,tirana,albania,8,interpol,369.0,364.0,70.0,10.0,0.19230769230769232,0.19230769230769232,0.0,0.9,0.0,0.2138728323699422,0.0,0.0,0.22,0.2857142857142857,0.42857142857142855,0.0,0.14285714285714285,0.07747756176160481,0,1.0643382294238077,0,1.91104401761507,0,0,0
tia,goa,56,74,0,0,0,0,0,72,0,0,0,0,3,0,genova,tirana,albania,1,nsis,5360.0,5315.0,1281.0,73.0,0.24101599247412983,0.24912641315519013,0.0,0.9452054794520548,0.0,0.27122641509433965,0.24713740458015268,0.27958115183246074,0.11567567567567567,0.21052631578947367,0.12280701754385964,0.17543859649122806,0.3333333333333333,0.013508008852270548,0,1.1725407001262387,0,3.6205892005887765,1,1,0
tia,lin,0,0,0,0,0,0,0,0,3,0,0,0,0,0,milano,tirana,albania,2,manuale,13.0,7.0,1.0,7.0,0.14285714285714285,0.14285714285714285,0.0,0.8571428571428571,0.0,0.0,0.0,0.25,0.0,0.25,0.0,0.5,0.0,0.13861518755312247,0,1.0998346688942349,0,1.8393791644000042,0,0,0
tia,mxp,90,106,0,4,0,29,0,107,999,645,6,8,8,3,milano,tirana,albania,2,sdi,18079.0,17849.0,3126.0,205.0,0.1751358619530506,0.17356568054188617,0.0,0.9658536585365853,0.0,0.18462083628632175,0.16333333333333333,0.16844769403824522,0.21518456375838926,0.28205128205128205,0.16666666666666666,0.15384615384615385,0.20512820512820512,0.01378299481208467,0,1.1265360134173696,0,4.147398365597499,1,1,0
tia,nap,21,0,0,3,0,0,0,16,155,0,1,0,2,0,napoli,tirana,albania,6,manuale,1790.0,1606.0,310.0,35.0,0.1930261519302615,0.19609120521172638,0.0,0.9714285714285714,0.0,0.31958762886597936,0.1453900709219858,0.14361702127659576,0.1561712846347607,0.21739130434782608,0.21739130434782608,0.30434782608695654,0.13043478260869565,0.03521647905561409,0,1.098618832735124,0,2.783756753448345,0,0,0
tia,peg,0,61,0,5,0,0,0,37,224,464,0,1,0,1,perugia,tirana,albania,5,manuale,3590.0,3271.0,693.0,29.0,0.2118618159584225,0.21265267773253993,0.0,0.9655172413793104,0.0,0.14322916666666666,0.2865761689291101,0.12976190476190477,0.20952380952380953,0.21739130434782608,0.13043478260869565,0.17391304347826086,0.21739130434782608,0.0429107270412179,0,1.0929662942352791,0,3.257998203898071,1,1,0
tia,psa,38,212,0,3,0,194,0,111,770,1002,7,5,8,5,pisa,tirana,albania,8,nsis,20627.0,20625.0,3630.0,187.0,0.176,0.16965308886342328,0.0,0.9251336898395722,0.0053475935828877,0.15228426395939088,0.1956577927112949,0.14231805929919136,0.2412227602905569,0.2196969696969697,0.24242424242424243,0.21212121212121213,0.17424242424242425,-0.003187076117144194,1,1.128367965835121,0,4.23568745657715,1,2,1
tia,psr,0,12,0,0,0,0,0,0,0,139,1,1,3,1,pescara,tirana,albania,9,manuale,2699.0,2698.0,472.0,29.0,0.17494440326167532,0.1748478701825558,0.0,0.896551724137931,0.0,0.1458670988654781,0.14114832535885166,0.3460620525059666,0.1658878504672897,0.125,0.08333333333333333,0.2916666666666667,0.25,0.0537686948356948,0,1.0660100127887002,0,3.0314904085848697,1,1,0
tia,rmi,0,47,0,2,0,59,0,27,0,312,1,1,1,0,rimini,tirana,albania,8,tsc,2913.0,2913.0,395.0,25.0,0.13559903879162374,0.13775322283609576,0.0,0.92,0.0,0.14039408866995073,0.12102689486552567,0.14933837429111532,0.124,0.16666666666666666,0.3333333333333333,0.1111111111111111,0.1111111111111111,0.0313243737453619,0,1.112383005300914,0,2.92651223656671,0,0,0
tia,suf,0,0,0,0,0,0,0,0,0,0,1,0,0,0,lamezia terme,tirana,albania,6,tsc,169.0,164.0,23.0,13.0,0.1402439024390244,0.1402439024390244,0.0,1.0,0.0,0.13513513513513514,0.0,0.1956521739130435,0.0,0.09090909090909091,0.09090909090909091,0.18181818181818182,0.36363636363636365,0.10017765182678157,0,1.1016370672288232,0,1.520044476781934,0,0,0
tia,trn,0,98,0,1,1,18,0,63,729,186,1,1,6,2,torino,tirana,albania,1,tsc,8401.0,8399.0,1559.0,78.0,0.1856173353970711,0.18695276852879517,0.0,0.9487179487179487,0.0,0.14723590585659552,0.17552334943639292,0.28133514986376024,0.1602787456445993,0.23214285714285715,0.14285714285714285,0.19642857142857142,0.17857142857142858,0.024877189525712606,0,1.1084366582851948,0,3.7365468099051986,1,1,0
tia,trs,0,0,0,0,0,0,0,0,0,0,0,0,1,1,trieste,tirana,albania,4,manuale,1040.0,1032.0,206.0,18.0,0.1996124031007752,0.20020855057351408,0.0,0.9444444444444444,0.0,0.15,0.152,0.556390977443609,0.2,0.23076923076923078,0.07692307692307693,0.23076923076923078,0.23076923076923078,0.05613082269336528,0,1.1030823657846027,0,2.5432478962700125,0,0,0
tia,tsf,58,158,0,6,1,32,0,160,1504,367,8,5,7,5,treviso,tirana,albania,4,interpol,12349.0,12349.0,2125.0,166.0,0.1720787108267876,0.1718843299496716,0.0,0.927710843373494,0.0,0.19712402636309168,0.14835505896958412,0.21851503759398497,0.2136048526863085,0.23333333333333334,0.21666666666666667,0.13333333333333333,0.175,-0.012867347933860018,1,1.1105984608969657,0,3.9194399653402057,1,2,1
tia,vce,40,0,0,0,0,0,0,0,38,0,0,1,2,0,venezia,tirana,albania,4,manuale,10953.0,1017.0,205.0,21.0,0.2015732546705998,0.2015732546705998,0.0,1.0,0.0,0.2028301886792453,0.16666666666666666,0.19246861924686193,0.288135593220339,0.15789473684210525,0.21052631578947367,0.3157894736842105,0.15789473684210525,0.04418838805787606,0,1.1379206469105851,0,3.367676548944242,1,1,0
tia,vrn,0,25,0,0,0,13,0,55,445,1061,3,3,1,3,verona,tirana,albania,4,tsc,9753.0,9658.0,1886.0,85.0,0.19527852557465314,0.1988367083153813,0.0,0.9647058823529412,0.0,0.2144097222222222,0.21805624074987667,0.13620324629498942,0.13205417607223477,0.2318840579710145,0.18840579710144928,0.2318840579710145,0.2028985507246377,0.04887666803827917,0,1.1054586944699067,0,3.8489819205365694,1,1,0
tlv,bgy,0,0,0,0,0,0,0,1,0,0,0,0,0,0,bergamo,tel aviv yafo,israele,2,tsc,1.0,1.0,1.0,1.0,1.0,1.0,0.0,1.0,0.0,0.0,0.0,0.0,0.0,1.0,0.0,0.0,0.0,0.09958161163080609,0,1.2164174078180794,0,3.5482720514109154,1,1,0
tlv,fco,0,0,0,0,0,0,0,5,328,333,3,3,1,2,roma,tel aviv yafo,israele,5,interpol,1.0,1.0,0.0,1.0,0.0,0.0,0.0,0.0,0.0,0.0,0.0,0.0,0.0,1.0,0.0,0.0,0.0,0.09838507460808865,0,1.2254324495747264,0,3.5482720514109154,1,1,0
tlv,mxp,4,8,0,0,0,0,0,7,337,578,5,1,2,1,milano,tel aviv,israele,2,tsc,2.0,2.0,0.0,2.0,0.0,0.0,0.0,0.5,0.0,0.0,0.0,0.0,0.0,0.0,0.0,1.0,0.0,0.11150235217661053,0,1.0838924654726836,0,3.597748594384635,1,1,0
tng,bgy,27,0,0,0,0,25,0,0,176,0,0,1,1,0,bergamo,tangier,marocco,2,nsis,2.0,2.0,0.0,1.0,0.0,0.0,0.0,1.0,0.0,0.0,0.0,0.0,0.0,0.0,0.0,0.0,0.0,0.14113362254455497,0,1.4639235172472096,0,1.5901887418822616,0,0,0
tng,cia,0,0,0,0,0,0,0,0,0,0,0,0,0,2,roma,tangier,marocco,5,tsc,0.0,0.0,0.0,0.0,0.17504013260736295,0.0,0.0,0.0,0.0,0.0,0.0,0.0,0.0,0.0,0.0,0.0,0.0,0.18277877266301562,0,1.3211251548824605,0,1.4078232566213758,0,0,0
tpe,fco,0,8,0,0,0,1,0,28,238,188,0,0,0,3,roma,taipei,taiwan,5,tsc,1.0,1.0,0.0,1.0,0.0,0.0,0.0,1.0,0.0,0.0,0.0,0.0,0.0,0.0,0.0,1.0,0.0,0.11237377839145718,0,1.106897519819253,0,3.597748594384635,1,1,0
tpe,mxp,11,10,0,2,0,0,1,18,279,240,3,1,2,1,milano,taipei,taiwan,2,sdi,0.0,0.0,0.0,0.0,0.17504013260736295,0.0,0.0,0.0,0.0,0.0,0.0,0.0,0.0,0.0,0.0,0.0,0.0,0.05632590143856414,0,1.9248503792753453,0,6.680399107870514,1,1,0
tun,blq,0,0,0,0,0,0,0,18,288,10223,2,0,1,2,bologna,tunis,tunisia,8,manuale,1.0,1.0,0.0,1.0,0.0,0.0,0.0,0.0,1.0,0.0,0.0,0.0,0.0,0.0,1.0,0.0,0.0,0.052018159200204916,0,1.4494824459778457,0,4.955100908098609,1,1,0
tun,cag,0,0,0,0,0,0,0,0,155,0,0,0,0,0,cagliari,tunis,tunisia,5,tsc,0.0,0.0,0.0,0.0,0.17504013260736295,0.0,0.0,0.0,0.0,0.0,0.0,0.0,0.0,0.0,0.0,0.0,0.0,0.1866719422841468,0,1.3966484698569959,0,1.4078232566213758,0,0,0
tun,fco,4,31,0,1,0,33,0,7,251,515,6,4,4,5,roma,tunis,tunisia,5,tsc,12.0,11.0,4.0,10.0,0.36363636363636365,0.4,0.0,0.9,0.0,0.0,0.0,0.0,0.0,0.125,0.25,0.125,0.375,0.08537531765397177,0,0.9972792917048325,0,2.0303462349343087,0,0,0
tun,mxp,0,53,0,1,130,0,0,117,88,123,2,3,4,4,milano,tunis,tunisia,2,tsc,8.0,8.0,3.0,3.0,0.375,0.5,1.0,0.3333333333333333,0.3333333333333333,0.0,0.0,0.2,0.5,0.0,0.0,0.0,1.0,-0.04157795873865111,1,3.036633788187035,1,16.69423280773258,1,3,1
tun,nap,17,15,0,0,0,0,0,0,0,0,2,0,0,0,napoli,tunis,tunisia,6,sdi,0.0,0.0,0.0,0.0,0.17504013260736295,0.0,0.0,0.0,0.0,0.0,0.0,0.0,0.0,0.0,0.0,0.0,0.0,0.15046801948074434,0,2.137461321831918,1,1.4078232566213758,0,1,0
tun,pmo,0,0,0,1,0,0,1,0,88,0,2,0,0,1,palermo,tunisi,tunisia,7,interpol,0.0,0.0,0.0,0.0,0.17504013260736295,0.0,0.0,0.0,0.0,0.0,0.0,0.0,0.0,0.0,0.0,0.0,0.0,0.09440248159230585,0,4.670129910245454,1,6.680399107870514,1,2,1
tun,vce,0,16,0,0,0,0,0,0,0,0,0,0,0,0,venezia,tunis,tunisia,4,nsis,1.0,1.0,0.0,1.0,0.0,0.0,0.0,1.0,0.0,0.0,0.0,0.0,0.0,0.0,0.0,0.0,0.0,0.17581206543253347,0,2.1428181270483884,1,1.2096920015850925,0,1,0
wnz,fco,0,0,0,0,0,99,0,70,249,0,1,0,0,0,roma,wenzhou,cina,5,sdi,0.0,0.0,0.0,0.0,0.17504013260736295,0.0,0.0,0.0,0.0,0.0,0.0,0.0,0.0,0.0,0.0,0.0,0.0,0.11007856187702464,0,2.286912678063339,1,2.5338673227058752,0,1,0
wnz,mxp,0,0,0,0,0,106,0,0,0,229,2,0,0,1,milano,wenzhou,cina,2,interpol,0.0,0.0,0.0,0.0,0.17504013260736295,0.0,0.0,0.0,0.0,0.0,0.0,0.0,0.0,0.0,0.0,0.0,0.0,0.1225113012925253,0,2.0634022947797406,1,2.581264892592711,0,1,0
yul,fco,0,15,0,0,0,0,0,0,0,0,0,0,0,1,roma,montreal,canada,5,interpol,1.0,1.0,1.0,1.0,1.0,1.0,0.0,1.0,0.0,1.0,0.0,0.0,0.0,1.0,0.0,0.0,0.0,0.0511344485312869,0,1.2417710600509513,0,3.5482720514109154,1,1,0
yul,mxp,0,0,0,0,0,3,0,7,242,615,1,0,1,2,milano,montreal,canada,2,interpol,1.0,1.0,0.0,1.0,0.0,0.0,0.0,1.0,0.0,0.0,0.0,0.0,0.0,0.0,0.0,0.0,0.0,0.15703082044527655,0,1.1710451769533943,0,1.2489793249031718,0,0,0
yyz,fco,6,1,0,0,0,0,0,0,204,0,0,0,0,1,roma,toronto,canada,5,manuale,16.0,16.0,1.0,10.0,0.0625,0.0,0.0,0.7,0.0,0.14285714285714285,0.0,0.0,0.0,0.3333333333333333,0.3333333333333333,0.1111111111111111,0.2222222222222222,0.1231703095782945,0,1.0008073589612818,0,1.1388725771557466,0,0,0
yyz,mxp,0,0,0,0,0,0,0,0,301,0,0,1,0,0,milano,toronto,canada,2,interpol,5.0,5.0,0.0,4.0,0.0,0.0,0.0,1.0,0.0,0.0,0.0,0.0,0.0,0.5,0.0,0.25,0.0,0.1574980074217363,0,1.0419288428154405,0,1.8083449714405475,0,0,0
znz,fco,22,0,0,0,0,0,0,0,358,0,1,0,0,0,roma,zanzibar,tanzania,5,manuale,9.0,8.0,3.0,8.0,0.375,0.2857142857142857,0.0,0.875,0.0,0.5,1.0,0.0,0.0,0.2857142857142857,0.14285714285714285,0.0,0.42857142857142855,0.06898353574019322,0,1.086816724313248,0,3.462243469292972,1,1,0
znz,vrn,0,0,0,0,0,0,0,0,0,348,0,0,0,0,verona,zanzibar,tanzania,4,sdi,3.0,3.0,0.0,2.0,0.0,0.0,0.0,1.0,0.0,0.0,0.0,0.0,0.0,0.5,0.0,0.0,0.5,0.13904769783535748,0,1.1946422643426495,0,1.8196767279777855,0,0,0
