dataset,group_key,group_volume,n_records,rate,baseline_mean,baseline_std
allarmi_raw,adb|mxp,291.0,6,48.5,48.5,73.84239974432035
allarmi_raw,add|fco,3138.0,29,108.20689655172414,112.07142857142857,174.46233352820263
allarmi_raw,add|mxp,1822.0,17,107.17647058823529,107.17647058823529,136.53215523005818
allarmi_raw,aga|bgy,342.0,4,85.5,85.5,89.45948803788227
allarmi_raw,ala|mxp,1.0,1,1.0,1.0,
allarmi_raw,alg|fco,356.0,19,18.736842105263158,18.736842105263158,36.17371990403954
allarmi_raw,alg|mxp,178.0,6,29.666666666666668,29.666666666666668,58.39748853047249
allarmi_raw,amm|bgy,391.0,12,32.583333333333336,32.583333333333336,58.22442213825168
allarmi_raw,amm|blq,7.0,1,7.0,7.0,
allarmi_raw,amm|cia,148.0,4,37.0,49.333333333333336,83.71578903249574
allarmi_raw,amm|fco,583.0,13,44.84615384615385,48.583333333333336,69.54979685393943
allarmi_raw,amm|mxp,185.0,12,15.416666666666666,15.416666666666666,24.967099563346572
allarmi_raw,amm|tsf,241.0,4,60.25,60.25,84.86607095889381
allarmi_raw,anu|lin,1.0,1,1.0,1.0,
allarmi_raw,atl|fco,1412.0,15,94.13333333333334,94.13333333333334,135.41463661482024
allarmi_raw,atl|mxp,205.0,1,205.0,205.0,
allarmi_raw,atq|fco,,1,,,
allarmi_raw,atq|mxp,12.0,3,4.0,4.0,5.196152422706632
allarmi_raw,auh|cta,178.0,4,44.5,44.5,87.0
allarmi_raw,auh|fco,3083.0,41,75.1951219512195,79.05128205128206,130.7118060785371
allarmi_raw,auh|mxp,2778.0,32,86.8125,86.8125,126.72154831145181
allarmi_raw,bah|fco,171.0,5,34.2,34.2,72.5720331808335
allarmi_raw,bah|mxp,541.0,8,67.625,67.625,77.50564495570629
allarmi_raw,beg|bgy,160.0,3,53.333333333333336,53.333333333333336,90.64399226277125
allarmi_raw,beg|blq,51.0,4,12.75,12.75,23.5
allarmi_raw,beg|cia,3.0,3,1.0,1.0,0.0
allarmi_raw,beg|fco,1230.0,38,32.36842105263158,32.36842105263158,59.76007030488628
allarmi_raw,beg|lin,7.0,2,3.5,3.5,3.5355339059327378
allarmi_raw,beg|mxp,173.0,25,6.92,7.208333333333333,19.78136841150996
allarmi_raw,beg|psa,3.0,1,3.0,3.0,
allarmi_raw,beg|trs,1.0,1,1.0,1.0,
allarmi_raw,beg|vce,9.0,3,3.0,3.0,1.7320508075688772
allarmi_raw,beg|vrn,8.0,1,8.0,8.0,
allarmi_raw,bey|fco,150.0,7,21.428571428571427,21.428571428571427,47.482828976578965
allarmi_raw,bfs|bgy,2.0,3,0.6666666666666666,1.0,0.0
allarmi_raw,bhx|bgy,161.0,6,26.833333333333332,32.2,63.79420036335591
allarmi_raw,bhx|fco,1091.0,7,155.85714285714286,155.85714285714286,69.26862823199878
allarmi_raw,bhx|mxp,13.0,5,2.6,2.6,1.6733200530681511
allarmi_raw,bhx|trn,315.0,8,39.375,39.375,69.4692892065058
allarmi_raw,bhx|vce,177.0,11,16.09090909090909,16.09090909090909,41.88903089223847
allarmi_raw,bhx|vrn,4.0,4,1.0,1.0,0.0
allarmi_raw,bos|fco,554.0,3,184.66666666666666,184.66666666666666,160.00416661241462
allarmi_raw,bqh|blq,1.0,1,1.0,1.0,
allarmi_raw,bqh|cia,1.0,1,1.0,1.0,
allarmi_raw,bqh|flr,1.0,1,1.0,1.0,
allarmi_raw,bqh|lin,0.0,1,0.0,0.0,
allarmi_raw,bqh|trn,1.0,1,1.0,1.0,
allarmi_raw,bqh|vbs,7.0,1,7.0,7.0,
allarmi_raw,bqh|vrn,2.0,2,1.0,1.0,0.0
allarmi_raw,brs|bgy,13.0,8,1.625,1.625,0.9161253813129043
allarmi_raw,brs|fco,343.0,7,49.0,49.0,81.34699338840578
allarmi_raw,brs|mxp,11.0,6,1.8333333333333333,1.8333333333333333,0.983192080250175
allarmi_raw,brs|psa,164.0,4,41.0,41.0,79.33473388119481
allarmi_raw,brs|trn,94.0,6,15.666666666666666,15.666666666666666,35.43820913458617
allarmi_raw,brs|vce,323.0,12,26.916666666666668,26.916666666666668,59.95673945488201
allarmi_raw,brs|vrn,523.0,3,174.33333333333334,174.33333333333334,12.662279942148386
allarmi_raw,cai|bgy,1238.0,21,58.95238095238095,58.95238095238095,60.74246964890067
allarmi_raw,cai|fco,1156.0,55,21.01818181818182,21.81132075471698,43.09428687985913
allarmi_raw,cai|mxp,2330.0,57,40.87719298245614,41.607142857142854,58.148611668388426
allarmi_raw,can|fco,4.0,3,1.3333333333333333,1.3333333333333333,0.5773502691896258
allarmi_raw,cgo|mxp,21.0,4,5.25,5.25,8.5
allarmi_raw,ckg|fco,349.0,3,116.33333333333333,116.33333333333333,82.85730706059263
allarmi_raw,cmn|bgy,403.0,12,33.583333333333336,33.583333333333336,46.84880581253492
allarmi_raw,cmn|blq,919.0,32,28.71875,32.82142857142857,54.87835272567497
allarmi_raw,cmn|cta,380.0,8,47.5,54.285714285714285,55.21085124536748
allarmi_raw,cmn|cuf,171.0,6,28.5,28.5,66.87226629926639
allarmi_raw,cmn|fco,612.0,22,27.818181818181817,27.818181818181817,44.482887414457174
allarmi_raw,cmn|mxp,1050.5,25,42.02,43.770833333333336,64.10351329425453
allarmi_raw,cmn|nap,153.0,5,30.6,30.6,66.18761213399378
allarmi_raw,cmn|psa,56.0,3,18.666666666666668,18.666666666666668,30.599564267050166
allarmi_raw,cmn|trn,53.0,5,10.6,10.6,21.46625258399798
allarmi_raw,cmn|vce,385.0,12,32.083333333333336,35.0,44.591479006644306
allarmi_raw,cun|fco,2.0,1,2.0,2.0,
allarmi_raw,cun|mxp,1.0,1,1.0,1.0,
allarmi_raw,del|fco,873.0,21,41.57142857142857,41.57142857142857,91.30912957014289
allarmi_raw,del|mxp,340.0,6,56.666666666666664,56.666666666666664,102.24023995798655
allarmi_raw,dfw|fco,143.0,8,17.875,17.875,46.13470184455205
allarmi_raw,dmm|fco,324.0,4,81.0,81.0,99.11609354691093
allarmi_raw,doh|fco,1424.0,45,31.644444444444446,33.904761904761905,73.19429856638325
allarmi_raw,doh|mxp,3683.0,60,61.38333333333333,63.5,104.60690829557049
allarmi_raw,dss|fco,72.0,1,72.0,72.0,
allarmi_raw,dss|mxp,674.0,11,61.27272727272727,67.4,120.225898485587
allarmi_raw,dwc|cia,1.0,1,1.0,1.0,
allarmi_raw,dwc|fco,198.0,3,66.0,66.0,103.20368210485515
allarmi_raw,dwc|mxp,45.0,2,22.5,22.5,10.606601717798213
allarmi_raw,dwc|pmo,185.0,1,185.0,185.0,
allarmi_raw,dwc|vce,1.0,1,1.0,1.0,
allarmi_raw,dxb|bgy,349.0,19,18.36842105263158,18.36842105263158,140.31045360846377
allarmi_raw,dxb|blq,881.0,16,55.0625,55.0625,107.86872809113864
allarmi_raw,dxb|cta,382.0,13,29.384615384615383,29.384615384615383,44.07860112257508
allarmi_raw,dxb|fco,1469.0,29,50.6551724137931,52.464285714285715,110.82902485956805
allarmi_raw,dxb|lin,1.0,1,1.0,1.0,
allarmi_raw,dxb|mxp,1600.0,29,55.172413793103445,57.142857142857146,141.7751778634083
allarmi_raw,dxb|nap,582.0,20,29.1,29.1,45.21399410755363
allarmi_raw,dxb|psa,42.0,8,5.25,7.0,9.695359714832659
allarmi_raw,dxb|vce,783.0,18,43.5,43.5,88.6083583894352
allarmi_raw,edi|bgy,365.0,17,21.470588235294116,21.470588235294116,56.94088782133936
allarmi_raw,edi|cia,7.0,3,2.3333333333333335,2.3333333333333335,1.5275252316519468
allarmi_raw,edi|mxp,306.0,8,38.25,43.714285714285715,71.01106553609394
allarmi_raw,edi|nap,256.0,5,51.2,51.2,117.5848629713876
allarmi_raw,edi|pmf,1.0,1,1.0,1.0,
allarmi_raw,edi|trn,1.0,1,1.0,1.0,
allarmi_raw,edi|vce,652.0,15,43.46666666666667,43.46666666666667,72.07918925605036
allarmi_raw,ema|bgy,396.0,9,44.0,44.0,74.11983540186797
allarmi_raw,ema|cia,240.0,6,40.0,40.0,61.26010120788244
allarmi_raw,ema|trn,185.0,3,61.666666666666664,61.666666666666664,105.07774899251189
allarmi_raw,evn|fco,129.0,10,12.9,14.333333333333334,38.180492401225
allarmi_raw,evn|mxp,405.0,12,33.75,36.81818181818182,78.21996954974884
allarmi_raw,evn|vce,114.0,9,12.666666666666666,14.25,30.676887530703446
allarmi_raw,ewr|fco,1083.0,27,40.111111111111114,41.65384615384615,94.78183045613429
allarmi_raw,ewr|mxp,1681.0,36,46.69444444444444,48.02857142857143,88.57482238008646
allarmi_raw,eze|fco,3202.0,31,103.29032258064517,114.35714285714286,160.7717992328612
allarmi_raw,fab|bzo,1.0,2,0.5,0.5,0.7071067811865476
allarmi_raw,fab|lin,6.0,3,2.0,2.0,1.7320508075688772
allarmi_raw,fab|mxp,1.0,1,1.0,1.0,
allarmi_raw,fab|olb,1.0,1,1.0,1.0,
allarmi_raw,fez|bgy,378.0,9,42.0,42.0,57.04165144874401
allarmi_raw,gig|fco,1323.0,17,77.82352941176471,77.82352941176471,121.25347175138825
allarmi_raw,gla|fco,176.0,4,44.0,44.0,86.0
allarmi_raw,gla|trn,169.0,4,42.25,42.25,81.83469109532135
allarmi_raw,gla|vrn,2.0,2,1.0,1.0,0.0
allarmi_raw,gru|fco,3029.0,41,73.8780487804878,77.66666666666667,132.8393040547653
allarmi_raw,gru|mxp,816.0,10,81.6,81.6,163.68614955320916
allarmi_raw,gyd|fco,5.0,5,1.0,1.0,0.0
allarmi_raw,gyd|mxp,33.0,10,3.3,3.3,3.0568684048294332
allarmi_raw,hgh|fco,304.0,6,50.666666666666664,50.666666666666664,94.96244871877865
allarmi_raw,hkg|mxp,570.0,8,71.25,81.42857142857143,131.30734574889195
allarmi_raw,hnd|fco,561.0,10,56.1,62.333333333333336,121.43619723953809
allarmi_raw,hrg|fco,1.0,1,1.0,1.0,
allarmi_raw,hrg|mxp,218.0,4,54.5,72.66666666666667,124.13030787576953
allarmi_raw,hrg|nap,155.0,4,38.75,38.75,75.5
allarmi_raw,iad|fco,8.0,6,1.3333333333333333,1.3333333333333333,0.5163977794943223
allarmi_raw,icn|fco,2139.0,21,101.85714285714286,106.95,135.04949385123103
allarmi_raw,icn|mxp,272.0,7,38.857142857142854,45.333333333333336,106.64645641870463
allarmi_raw,ika|fco,257.0,4,64.25,64.25,66.585158506482
allarmi_raw,ika|mxp,194.0,8,24.25,24.25,59.80145722065881
allarmi_raw,isl|lin,1.0,1,1.0,1.0,
allarmi_raw,ist|bgy,177.0,1,177.0,177.0,
allarmi_raw,ist|blq,1349.0,43,31.372093023255815,32.11904761904762,56.22220825892445
allarmi_raw,ist|bri,202.0,10,20.2,20.2,40.03276435898753
allarmi_raw,ist|cag,175.0,1,175.0,175.0,
allarmi_raw,ist|cta,284.0,19,14.947368421052632,14.947368421052632,26.755007182894293
allarmi_raw,ist|fco,2559.0,68,37.63235294117647,40.61904761904762,64.32538970242359
allarmi_raw,ist|mxp,2316.0,58,39.93103448275862,41.357142857142854,77.21456023113976
allarmi_raw,ist|nap,1176.0,34,34.588235294117645,36.75,54.471655843407035
allarmi_raw,ist|pmo,324.0,12,27.0,29.454545454545453,39.49522410713386
allarmi_raw,ist|psa,0.0,1,0.0,0.0,
allarmi_raw,ist|vce,2359.0,53,44.509433962264154,44.509433962264154,63.902456507949374
allarmi_raw,jed|fco,469.0,21,22.333333333333332,22.333333333333332,51.63364536165671
allarmi_raw,jed|mxp,691.0,29,23.82758620689655,24.678571428571427,49.231165657108626
allarmi_raw,jed|vce,212.0,2,106.0,106.0,148.49242404917499
allarmi_raw,jfk|fco,2251.0,52,43.28846153846154,46.895833333333336,89.13323509943292
allarmi_raw,jfk|mxp,2449.0,52,47.09615384615385,52.1063829787234,91.85414573554455
allarmi_raw,kiv|bgy,2.0,2,1.0,1.0,0.0
allarmi_raw,kiv|blq,22.0,3,7.333333333333333,7.333333333333333,10.96965511460289
allarmi_raw,kiv|fco,187.0,3,62.333333333333336,62.333333333333336,95.19628844305502
allarmi_raw,kiv|mxp,1.0,1,1.0,1.0,
allarmi_raw,kiv|pmf,1.0,1,1.0,1.0,
allarmi_raw,kiv|vce,8.0,1,8.0,8.0,
allarmi_raw,kiv|vrn,376.0,4,94.0,125.33333333333333,92.12129685004078
allarmi_raw,kut|fco,3.0,3,1.0,1.0,0.0
allarmi_raw,kut|mxp,243.0,9,27.0,27.0,69.56471806886016
allarmi_raw,kwi|fco,364.0,6,60.666666666666664,60.666666666666664,59.024288785775866
allarmi_raw,kwi|mxp,394.0,17,23.176470588235293,24.625,44.357449581026785
allarmi_raw,lax|lin,1.0,1,1.0,1.0,
allarmi_raw,lba|fco,187.0,2,93.5,93.5,130.8147545195113
allarmi_raw,lcy|blq,1.0,1,1.0,1.0,
allarmi_raw,lcy|flr,100605.0,27,3726.1111111111113,3726.1111111111113,19240.361875561593
allarmi_raw,lcy|lin,714.0,45,15.866666666666667,16.227272727272727,28.316207567286575
allarmi_raw,lgw|bgy,377.0,14,26.928571428571427,29.0,48.079794786029055
allarmi_raw,lgw|blq,3.0,4,0.75,1.0,0.0
allarmi_raw,lgw|cta,248.0,10,24.8,27.555555555555557,49.340934099161295
allarmi_raw,lgw|fco,2608.0,79,33.0126582278481,33.87012987012987,68.37827268206554
allarmi_raw,lgw|flr,1193.0,34,35.088235294117645,36.15151515151515,53.63308284778692
allarmi_raw,lgw|lin,21.0,8,2.625,2.625,1.922609833384967
allarmi_raw,lgw|mxp,103254.0,86,1200.6279069767443,1214.7529411764706,10842.38062607176
allarmi_raw,lgw|nap,1351.0,31,43.58064516129032,43.58064516129032,71.02101763729213
allarmi_raw,lgw|psa,310.0,10,31.0,34.44444444444444,64.46920022598215
allarmi_raw,lgw|trn,1279.0,41,31.195121951219512,32.794871794871796,58.67267789102679
allarmi_raw,lgw|vce,1201.0,52,23.096153846153847,24.02,52.33038294902719
allarmi_raw,lgw|vrn,937.0,32,29.28125,29.28125,61.462936313867885
allarmi_raw,lhr|blq,2084.0,63,33.07936507936508,34.733333333333334,59.6082882038972
allarmi_raw,lhr|fco,2665.0,97,27.47422680412371,28.05263157894737,54.04497111272786
allarmi_raw,lhr|lin,13131.0,101,130.009900990099,135.37113402061857,1013.732843253788
allarmi_raw,lhr|mxp,1573.0,56,28.089285714285715,29.12962962962963,47.95951370246804
allarmi_raw,lhr|nap,15.0,6,2.5,2.5,2.8106938645110393
allarmi_raw,lhr|psa,64.0,10,6.4,6.4,13.97776011304307
allarmi_raw,lhr|trn,89.0,1,89.0,89.0,
allarmi_raw,lhr|vce,2430.0,53,45.84905660377358,46.73076923076923,66.4745610740298
allarmi_raw,lpl|bgy,7.0,3,2.3333333333333335,2.3333333333333335,2.3094010767585034
allarmi_raw,lpl|cia,186.0,3,62.0,62.0,105.65509926170151
allarmi_raw,lrm|fco,25.0,1,25.0,25.0,
allarmi_raw,lrm|mxp,111.0,8,13.875,13.875,14.085833815777974
allarmi_raw,ltn|bgy,5.0,1,5.0,5.0,
allarmi_raw,ltn|blq,42.0,8,5.25,5.25,5.70087712549569
allarmi_raw,ltn|cia,1.0,1,1.0,1.0,
allarmi_raw,ltn|cta,114.0,5,22.8,22.8,47.6308723413712
allarmi_raw,ltn|lin,3.0,3,1.0,1.0,0.0
allarmi_raw,ltn|mxp,378.0,15,25.2,25.2,49.877277964448474
allarmi_raw,ltn|nap,301.0,15,20.066666666666666,21.5,49.085090952815335
allarmi_raw,ltn|trn,132.0,5,26.4,26.4,52.36220010656542
allarmi_raw,ltn|tsf,14.0,5,2.8,3.5,5.0
allarmi_raw,lxr|mxp,9.0,3,3.0,3.0,3.4641016151377544
allarmi_raw,lyx|trn,3.0,1,3.0,3.0,
allarmi_raw,man|bgy,522.0,14,37.285714285714285,37.285714285714285,71.51054636735927
allarmi_raw,man|blq,357.0,5,71.4,71.4,88.49180753041493
allarmi_raw,man|cia,1253.0,24,52.208333333333336,52.208333333333336,80.8256196827556
allarmi_raw,man|fco,638.0,9,70.88888888888889,70.88888888888889,85.82896429009912
allarmi_raw,man|mxp,395.0,19,20.789473684210527,20.789473684210527,57.00348814606623
allarmi_raw,man|nap,672.0,9,74.66666666666667,74.66666666666667,86.10749096333025
allarmi_raw,man|psa,486.0,11,44.18181818181818,44.18181818181818,71.32014888068893
allarmi_raw,man|trn,1099.0,14,78.5,78.5,81.41040379554597
allarmi_raw,man|vce,415.0,20,20.75,20.75,49.56003801876117
allarmi_raw,man|vrn,204.0,4,51.0,51.0,90.90654541890808
allarmi_raw,mba|fco,723.0,5,144.6,180.75,195.9087797930455
allarmi_raw,mba|mxp,399.0,4,99.75,99.75,152.8645914963087
allarmi_raw,mbj|mxp,1.0,2,0.5,0.5,0.7071067811865476
allarmi_raw,mct|mxp,1283.5,20,64.175,64.175,96.09004480447658
allarmi_raw,mex|fco,433.0,10,43.3,43.3,88.14136372895533
allarmi_raw,mia|fco,853.0,16,53.3125,56.86666666666667,107.08332314248608
allarmi_raw,mji|fco,3.0,4,0.75,1.0,0.0
allarmi_raw,mle|fco,945.0,15,63.0,63.0,122.93378008389023
allarmi_raw,mle|mxp,364.0,2,182.0,182.0,255.9726547895302
allarmi_raw,mru|fco,23.0,2,11.5,11.5,14.849242404917497
allarmi_raw,ncl|bgy,193.0,9,21.444444444444443,21.444444444444443,41.63565512607887
allarmi_raw,ncl|fco,1.0,1,1.0,1.0,
allarmi_raw,ncl|trn,547.0,5,109.4,109.4,98.958577192682
allarmi_raw,nht|lin,1.0,1,1.0,1.0,
allarmi_raw,nkg|mxp,396.0,5,79.2,79.2,97.23271054537152
allarmi_raw,oak|lin,1.0,1,1.0,1.0,
allarmi_raw,oxf|lin,5.0,1,5.0,5.0,
allarmi_raw,pek|fco,1165.0,18,64.72222222222223,64.72222222222223,101.33799331390419
allarmi_raw,pek|mxp,1402.0,17,82.47058823529412,87.625,122.8228398955178
allarmi_raw,phl|fco,592.0,10,59.2,59.2,92.60645525855936
allarmi_raw,phl|psa,4.0,1,4.0,4.0,
allarmi_raw,prn|mxp,543.0,8,67.875,67.875,112.53118615362968
allarmi_raw,pvg|fco,550.0,14,39.285714285714285,45.833333333333336,88.82447792578283
allarmi_raw,pvg|mxp,311.0,16,19.4375,19.4375,62.91048534756879
allarmi_raw,rak|bgy,772.0,22,35.09090909090909,36.76190476190476,65.06912075777939
allarmi_raw,rak|blq,569.0,8,71.125,71.125,75.06080868202794
allarmi_raw,rak|cia,51.0,10,5.1,5.666666666666667,8.845903006477066
allarmi_raw,rak|fco,532.0,8,66.5,66.5,84.83934397267747
allarmi_raw,rak|mxp,849.0,21,40.42857142857143,40.42857142857143,72.81041919160432
allarmi_raw,rak|nap,494.0,11,44.90909090909091,44.90909090909091,70.48894175039733
allarmi_raw,rak|psa,236.0,5,47.2,47.2,85.38559597496524
allarmi_raw,rak|trn,229.0,9,25.444444444444443,28.625,57.975210219541246
allarmi_raw,rak|tsf,333.0,11,30.272727272727273,30.272727272727273,58.00015673960012
allarmi_raw,rba|cia,584.0,4,146.0,146.0,75.46743226937917
allarmi_raw,rmf|bgy,1.0,1,1.0,1.0,
allarmi_raw,rmf|fco,185.0,2,92.5,92.5,129.4005409571382
allarmi_raw,rmf|mxp,326.0,6,54.333333333333336,54.333333333333336,77.18980934467106
allarmi_raw,rmf|nap,3.0,3,1.0,1.0,0.0
allarmi_raw,rmf|vrn,15.0,3,5.0,5.0,6.928203230275509
allarmi_raw,rmo|bgy,117.0,4,29.25,29.25,52.576135270672
allarmi_raw,rmo|blq,410.0,8,51.25,58.57142857142857,64.82503925402371
allarmi_raw,rmo|fco,196.0,8,24.5,28.0,44.11726797222753
allarmi_raw,rmo|lin,2.0,1,2.0,2.0,
allarmi_raw,rmo|mxp,26.0,5,5.2,5.2,6.016643582596529
allarmi_raw,rmo|pmf,154.0,5,30.8,38.5,65.75459426280925
allarmi_raw,rmo|vce,368.0,9,40.888888888888886,46.0,71.42828571371429
allarmi_raw,rmo|vrn,14.0,3,4.666666666666667,4.666666666666667,5.507570547286102
allarmi_raw,ruh|cia,,1,,,
allarmi_raw,ruh|fco,730.0,17,42.94117647058823,42.94117647058823,67.53283515097979
allarmi_raw,ruh|lin,0.0,1,0.0,0.0,
allarmi_raw,ruh|psa,3.0,1,3.0,3.0,
allarmi_raw,ruh|vce,4.0,1,4.0,4.0,
allarmi_raw,saw|bgy,2572.0,46,55.91304347826087,55.91304347826087,86.70635657511738
allarmi_raw,saw|blq,1206.0,22,54.81818181818182,54.81818181818182,90.46632436523463
allarmi_raw,saw|fco,1995.0,57,35.0,35.0,71.01785489780521
allarmi_raw,saw|vce,352.0,6,58.666666666666664,58.666666666666664,86.74714212391476
allarmi_raw,shj|bgy,474.0,15,31.6,31.6,57.8147287215192
allarmi_raw,sid|fco,8.0,3,2.6666666666666665,2.6666666666666665,2.8867513459481287
allarmi_raw,sid|mxp,28.0,5,5.6,5.6,5.319774431308154
allarmi_raw,sid|vrn,1.0,1,1.0,1.0,
allarmi_raw,sin|fco,367.0,5,73.4,73.4,95.67026706349262
allarmi_raw,sin|mxp,1436.0,17,84.47058823529412,84.47058823529412,116.14921310918275
allarmi_raw,skp|fco,203.0,6,33.833333333333336,33.833333333333336,73.77917502023635
allarmi_raw,skp|mxp,40.0,5,8.0,10.0,10.424330514074594
allarmi_raw,skp|vce,349.0,6,58.166666666666664,58.166666666666664,78.32347455690834
allarmi_raw,sll|mxp,358.0,2,179.0,179.0,251.7300141024109
allarmi_raw,sll|vrn,1.0,1,1.0,1.0,
allarmi_raw,spx|fco,800.0,16,50.0,50.0,77.30459236035075
allarmi_raw,spx|mxp,583.0,14,41.642857142857146,41.642857142857146,57.90656551437263
allarmi_raw,ssh|bgy,199.0,4,49.75,49.75,94.85207781944824
allarmi_raw,ssh|blq,1.0,1,1.0,1.0,
allarmi_raw,ssh|bri,6.0,2,3.0,3.0,2.8284271247461903
allarmi_raw,ssh|cta,12.0,2,6.0,6.0,7.0710678118654755
allarmi_raw,ssh|fco,762.0,11,69.27272727272727,69.27272727272727,92.10981588201217
allarmi_raw,ssh|mxp,1283.0,51,25.15686274509804,25.66,59.38480874941067
allarmi_raw,ssh|nap,724.0,15,48.266666666666666,51.714285714285715,80.86116170651688
allarmi_raw,ssh|vce,258.0,4,64.5,64.5,101.48398888494677
allarmi_raw,ssh|vrn,390.0,5,78.0,78.0,98.37428525788637
allarmi_raw,stn|aoi,25.0,6,4.166666666666667,4.166666666666667,5.154286242213044
allarmi_raw,stn|bds,26.0,2,13.0,13.0,4.242640687119285
allarmi_raw,stn|bgy,3361.0,101,33.277227722772274,33.94949494949495,64.90123953053181
allarmi_raw,stn|blq,1125.0,29,38.793103448275865,40.17857142857143,65.971404339124
allarmi_raw,stn|bri,938.0,16,58.625,62.53333333333333,86.99496427681207
allarmi_raw,stn|cag,25.0,5,5.0,5.0,3.9370039370059056
allarmi_raw,stn|cia,3123.0,82,38.08536585365854,39.53164556962025,68.92281737530533
allarmi_raw,stn|cta,366.0,10,36.6,36.6,68.04442992960148
allarmi_raw,stn|fco,135.0,2,67.5,67.5,92.63098833543772
allarmi_raw,stn|goa,314.0,10,31.4,31.4,64.20661094380304
allarmi_raw,stn|mxp,1685.0,49,34.38775510204081,36.630434782608695,65.7548844643337
allarmi_raw,stn|nap,1072.0,32,33.5,33.5,66.04934616657653
allarmi_raw,stn|peg,190.0,5,38.0,38.0,71.05983394295261
allarmi_raw,stn|pmo,45.0,6,7.5,7.5,4.764451699828638
allarmi_raw,stn|psa,1270.0,23,55.21739130434783,55.21739130434783,81.18326995236212
allarmi_raw,stn|psr,361.0,7,51.57142857142857,51.57142857142857,84.05525393623955
allarmi_raw,stn|suf,170.0,8,21.25,21.25,37.79172244968845
allarmi_raw,stn|trn,852.0,24,35.5,37.04347826086956,66.72227259378273
allarmi_raw,stn|trs,328.0,11,29.818181818181817,32.8,66.57627204943215
allarmi_raw,stn|vce,1635.0,61,26.80327868852459,27.25,55.35758181502132
allarmi_raw,stn|vrn,369.0,13,28.384615384615383,28.384615384615383,59.83524388064621
allarmi_raw,szx|fco,262.0,11,23.818181818181817,23.818181818181817,50.24105528712187
allarmi_raw,szx|mxp,15.0,6,2.5,2.5,2.8106938645110393
allarmi_raw,tas|mxp,2.0,2,1.0,1.0,0.0
allarmi_raw,tbs|bgy,75.0,5,15.0,15.0,30.748983723043597
allarmi_raw,tbs|lin,4.0,1,4.0,4.0,
allarmi_raw,tfu|fco,9.0,4,2.25,2.25,3.2015621187164243
allarmi_raw,tgd|fco,51.0,4,12.75,12.75,22.18670773233379
allarmi_raw,tgd|mxp,258.0,6,43.0,43.0,65.11528238439882
allarmi_raw,tgd|nap,11.0,1,11.0,11.0,
allarmi_raw,tia|aoi,675.0,18,37.5,37.5,58.67482674978808
allarmi_raw,tia|bds,152.0,4,38.0,38.0,67.49814812274482
allarmi_raw,tia|bgy,2846.0,92,30.934782608695652,32.34090909090909,61.96882537780012
allarmi_raw,tia|blq,2234.0,65,34.36923076923077,35.46031746031746,58.74791016099798
allarmi_raw,tia|bri,1113.0,29,38.37931034482759,38.37931034482759,63.34227531723606
allarmi_raw,tia|cia,640.0,18,35.55555555555556,37.64705882352941,67.25505666534542
allarmi_raw,tia|ciy,123.0,3,41.0,41.0,69.2820323027551
allarmi_raw,tia|cta,806.0,43,18.74418604651163,20.666666666666668,38.189508984683584
allarmi_raw,tia|fco,588.0,42,14.0,14.0,34.4312676955402
allarmi_raw,tia|flr,328.0,6,54.666666666666664,54.666666666666664,55.00424226063537
allarmi_raw,tia|goa,205.0,10,20.5,20.5,15.130910231854674
allarmi_raw,tia|lin,3.0,1,3.0,3.0,
allarmi_raw,tia|mxp,2005.0,60,33.416666666666664,35.175438596491226,63.05131776322519
allarmi_raw,tia|nap,198.0,7,28.285714285714285,28.285714285714285,56.470388363325085
allarmi_raw,tia|peg,793.0,11,72.0909090909091,72.0909090909091,86.9763813290189
allarmi_raw,tia|psa,2354.0,60,39.233333333333334,40.58620689655172,61.204298233065764
allarmi_raw,tia|psr,157.0,8,19.625,19.625,48.38812575710816
allarmi_raw,tia|rmi,450.0,12,37.5,37.5,56.29710149167216
allarmi_raw,tia|suf,1.0,1,1.0,1.0,
allarmi_raw,tia|trn,1106.0,23,48.08695652173913,48.08695652173913,74.18399303174768
allarmi_raw,tia|trs,2.0,2,1.0,1.0,0.0
allarmi_raw,tia|tsf,2311.0,62,37.274193548387096,38.516666666666666,64.4395635043625
allarmi_raw,tia|vce,81.0,6,13.5,13.5,17.58124000177462
allarmi_raw,tia|vrn,1137.0,28,40.607142857142854,42.111111111111114,134.19341189071764
allarmi_raw,tlv|bgy,1.0,1,1.0,1.0,
allarmi_raw,tlv|fco,675.0,17,39.705882352941174,42.1875,73.46946644695333
allarmi_raw,tlv|mxp,943.0,27,34.925925925925924,39.291666666666664,68.08018237258224
allarmi_raw,tng|bgy,230.0,6,38.333333333333336,46.0,73.74279625834649
allarmi_raw,tng|cia,2.0,2,1.0,1.0,0.0
allarmi_raw,tpe|fco,466.0,10,46.6,46.6,88.5954601294872
allarmi_raw,tpe|mxp,568.0,15,37.86666666666667,37.86666666666667,90.36818867173073
allarmi_raw,tun|blq,10534.0,12,877.8333333333334,877.8333333333334,2873.2021361455786
allarmi_raw,tun|cag,155.0,1,155.0,155.0,
allarmi_raw,tun|fco,861.0,35,24.6,26.09090909090909,49.37760349867871
allarmi_raw,tun|mxp,526.0,26,20.23076923076923,21.04,37.009548317517556
allarmi_raw,tun|nap,34.0,4,8.5,8.5,8.698658900466592
allarmi_raw,tun|pmo,93.0,7,13.285714285714286,13.285714285714286,21.265890417240826
allarmi_raw,tun|vce,16.0,1,16.0,16.0,
allarmi_raw,wnz|fco,419.0,5,83.8,83.8,101.03316287239551
allarmi_raw,wnz|mxp,338.0,8,42.25,56.333333333333336,88.78438301112796
allarmi_raw,yul|fco,16.0,2,8.0,8.0,9.899494936611665
allarmi_raw,yul|mxp,871.0,10,87.1,87.1,110.66410639608692
allarmi_raw,yyz|fco,212.0,4,53.0,53.0,100.69425670480582
allarmi_raw,yyz|mxp,302.0,2,151.0,151.0,212.13203435596427
allarmi_raw,znz|fco,381.0,3,127.0,127.0,200.3272322975586
allarmi_raw,znz|vrn,348.0,2,174.0,348.0,
tipologia_raw,abj|cag,0.0,1,0.0,0.0,
tipologia_raw,adb|bgy,0.0,1,0.0,0.0,
tipologia_raw,adb|fco,1.0,1,1.0,1.0,
tipologia_raw,adb|mxp,2.0,4,0.5,0.5,1.0
tipologia_raw,adb|nap,0.0,1,0.0,0.0,
tipologia_raw,add|fco,0.0,1,0.0,0.0,
tipologia_raw,adl|mxp,0.0,1,0.0,0.0,
tipologia_raw,aer|mxp,6.0,1,6.0,6.0,
tipologia_raw,akl|fco,0.0,1,0.0,0.0,
tipologia_raw,ala|mxp,0.0,1,0.0,0.0,
tipologia_raw,alg|mxp,6.0,1,6.0,6.0,
tipologia_raw,amd|mxp,0.0,1,0.0,0.0,
tipologia_raw,amm|bgy,1.0,6,0.16666666666666666,0.16666666666666666,0.408248290463863
tipologia_raw,amm|blq,0.0,3,0.0,0.0,0.0
tipologia_raw,amm|cia,0.0,2,0.0,0.0,0.0
tipologia_raw,amm|fco,0.0,4,0.0,0.0,0.0
tipologia_raw,amm|mxp,0.0,4,0.0,0.0,0.0
tipologia_raw,amm|tsf,0.0,2,0.0,0.0,0.0
tipologia_raw,arn|fco,0.0,1,0.0,0.0,
tipologia_raw,asb|vce,1.0,1,1.0,1.0,
tipologia_raw,asm|fco,1.0,1,1.0,1.0,
tipologia_raw,atl|fco,0.0,1,0.0,0.0,
tipologia_raw,auh|cta,0.0,2,0.0,0.0,0.0
tipologia_raw,auh|fco,6.0,27,0.2222222222222222,0.23076923076923078,0.5144077999169381
tipologia_raw,auh|mxp,1.0,8,0.125,0.125,0.3535533905932738
tipologia_raw,ayt|mxp,0.0,2,0.0,0.0,0.0
tipologia_raw,bah|mxp,,1,,,
tipologia_raw,beg|bgy,0.0,1,0.0,0.0,
tipologia_raw,beg|blq,1.0,1,1.0,1.0,
tipologia_raw,beg|fco,2.0,4,0.5,0.5,0.5773502691896257
tipologia_raw,beg|mxp,1.0,6,0.16666666666666666,0.2,0.447213595499958
tipologia_raw,beg|vce,2.0,3,0.6666666666666666,0.6666666666666666,0.5773502691896258
tipologia_raw,bfs|bgy,7.0,6,1.1666666666666667,1.1666666666666667,2.857738033247041
tipologia_raw,bhx|bgy,1.0,9,0.1111111111111111,0.1111111111111111,0.33333333333333337
tipologia_raw,bhx|fco,0.0,1,0.0,0.0,
tipologia_raw,bhx|mxp,1.0,4,0.25,0.25,0.5
tipologia_raw,bhx|trn,1.0,8,0.125,0.16666666666666666,0.408248290463863
tipologia_raw,bhx|vce,6.0,7,0.8571428571428571,0.8571428571428571,1.864454471471609
tipologia_raw,bhx|vrn,3.0,5,0.6,0.6,0.5477225575051661
tipologia_raw,bkk|bgy,0.0,2,0.0,0.0,0.0
tipologia_raw,bkk|blq,1.0,2,0.5,0.5,0.7071067811865476
tipologia_raw,bkk|cta,0.0,1,0.0,0.0,
tipologia_raw,bkk|fco,1.0,7,0.14285714285714285,0.14285714285714285,0.37796447300922725
tipologia_raw,bkk|mxp,1.0,10,0.1,0.1,0.31622776601683794
tipologia_raw,bkk|vce,0.0,1,0.0,0.0,
tipologia_raw,blr|fco,0.0,1,0.0,0.0,
tipologia_raw,blr|mxp,0.0,1,0.0,0.0,
tipologia_raw,bna|mxp,0.0,1,0.0,0.0,
tipologia_raw,bne|fco,0.0,1,0.0,0.0,
tipologia_raw,bog|fco,0.0,1,0.0,0.0,
tipologia_raw,bos|blq,0.0,1,0.0,0.0,
tipologia_raw,bos|fco,3.0,2,1.5,1.5,2.1213203435596424
tipologia_raw,bos|mxp,0.0,1,0.0,0.0,
tipologia_raw,brs|bgy,1.0,8,0.125,0.125,0.3535533905932738
tipologia_raw,brs|fco,3.0,5,0.6,0.6,0.8944271909999159
tipologia_raw,brs|mxp,1.0,4,0.25,0.25,0.5
tipologia_raw,brs|psa,1.0,1,1.0,1.0,
tipologia_raw,brs|trn,1.0,3,0.3333333333333333,0.3333333333333333,0.5773502691896258
tipologia_raw,brs|vce,2.0,4,0.5,0.5,0.5773502691896257
tipologia_raw,bsb|fco,0.0,1,0.0,0.0,
tipologia_raw,buf|mxp,0.0,1,0.0,0.0,
tipologia_raw,cai|bgy,2.0,5,0.4,0.4,0.5477225575051662
tipologia_raw,cai|fco,0.0,5,0.0,0.0,0.0
tipologia_raw,cai|mxp,0.0,5,0.0,0.0,0.0
tipologia_raw,can|fco,0.0,3,0.0,0.0,0.0
tipologia_raw,can|mxp,0.0,4,0.0,0.0,0.0
tipologia_raw,ceb|mxp,1.0,1,1.0,1.0,
tipologia_raw,cgk|fco,4.0,2,2.0,2.0,2.8284271247461903
tipologia_raw,cgk|mxp,5.0,4,1.25,1.25,0.9574271077563382
tipologia_raw,cle|flr,0.0,1,0.0,0.0,
tipologia_raw,cle|mxp,0.0,2,0.0,0.0,0.0
tipologia_raw,cmn|bgy,0.0,1,0.0,0.0,
tipologia_raw,cmn|blq,2.0,3,0.6666666666666666,0.6666666666666666,0.5773502691896258
tipologia_raw,cmn|cuf,0.0,2,0.0,0.0,0.0
tipologia_raw,cmn|fco,1.0,3,0.3333333333333333,0.3333333333333333,0.5773502691896258
tipologia_raw,cmn|mxp,0.0,2,0.0,0.0,0.0
tipologia_raw,cmn|psa,1.0,2,0.5,0.5,0.7071067811865476
tipologia_raw,cun|mxp,1.0,3,0.3333333333333333,0.3333333333333333,0.5773502691896258
tipologia_raw,cvg|mxp,0.0,1,0.0,0.0,
tipologia_raw,dar|blq,1.0,1,1.0,1.0,
tipologia_raw,dar|fco,3.0,2,1.5,1.5,2.1213203435596424
tipologia_raw,dar|mxp,1.0,2,0.5,0.5,0.7071067811865476
tipologia_raw,del|fco,0.0,2,0.0,0.0,0.0
tipologia_raw,del|mxp,1.0,3,0.3333333333333333,0.3333333333333333,0.5773502691896258
tipologia_raw,del|vce,0.0,1,0.0,0.0,
tipologia_raw,dfw|blq,0.0,1,0.0,0.0,
tipologia_raw,dfw|fco,0.0,1,0.0,0.0,
tipologia_raw,dfw|mxp,0.0,1,0.0,0.0,
tipologia_raw,dmm|blq,0.0,1,0.0,0.0,
tipologia_raw,dmm|fco,1.0,1,1.0,1.0,
tipologia_raw,doh|fco,1.0,3,0.3333333333333333,0.3333333333333333,0.5773502691896258
tipologia_raw,doh|mxp,8.0,7,1.1428571428571428,1.1428571428571428,2.1930626551751344
tipologia_raw,dps|blq,0.0,1,0.0,0.0,
tipologia_raw,dps|fco,0.0,3,0.0,0.0,0.0
tipologia_raw,dps|mxp,1.0,3,0.3333333333333333,0.3333333333333333,0.5773502691896258
tipologia_raw,dss|mxp,0.0,1,0.0,0.0,
tipologia_raw,dtw|fco,0.0,4,0.0,0.0,0.0
tipologia_raw,dtw|mxp,0.0,1,0.0,0.0,
tipologia_raw,dur|nap,0.0,1,0.0,0.0,
tipologia_raw,dwc|fco,0.0,1,0.0,0.0,
tipologia_raw,dwc|mxp,1.0,1,1.0,1.0,
tipologia_raw,dxb|bgy,15.0,20,0.75,0.75,1.2513150976809202
tipologia_raw,dxb|blq,9.0,15,0.6,0.6,0.828078671210825
tipologia_raw,dxb|fco,10.0,26,0.38461538461538464,0.38461538461538464,0.49613893835683387
tipologia_raw,dxb|mxp,31.0,41,0.7560975609756098,0.7560975609756098,1.318720740052231
tipologia_raw,dxb|nap,0.0,3,0.0,0.0,0.0
tipologia_raw,dxb|psa,2.0,4,0.5,0.5,0.5773502691896257
tipologia_raw,dxb|vce,1.0,2,0.5,0.5,0.7071067811865476
tipologia_raw,edi|bgy,1.0,5,0.2,0.25,0.5
tipologia_raw,edi|cia,0.0,1,0.0,0.0,
tipologia_raw,edi|mxp,1.0,2,0.5,0.5,0.7071067811865476
tipologia_raw,edi|nap,0.0,1,0.0,0.0,
tipologia_raw,elq|fco,0.0,1,0.0,0.0,
tipologia_raw,ema|bgy,2.0,6,0.3333333333333333,0.3333333333333333,0.5163977794943222
tipologia_raw,esb|fco,0.0,1,0.0,0.0,
tipologia_raw,esb|mxp,0.0,1,0.0,0.0,
tipologia_raw,evn|fco,1.0,4,0.25,0.25,0.5
tipologia_raw,evn|mxp,0.0,4,0.0,0.0,0.0
tipologia_raw,evn|vce,2.0,1,2.0,2.0,
tipologia_raw,ewr|fco,6.0,8,0.75,0.75,2.1213203435596424
tipologia_raw,ewr|mxp,9.0,20,0.45,0.45,1.145931016569864
tipologia_raw,ewr|vce,1.0,1,1.0,1.0,
tipologia_raw,eze|lin,0.0,1,0.0,0.0,
tipologia_raw,eze|vce,0.0,1,0.0,0.0,
tipologia_raw,fez|bgy,1.0,1,1.0,1.0,
tipologia_raw,fih|fco,1.0,1,1.0,1.0,
tipologia_raw,fll|mxp,0.0,1,0.0,0.0,
tipologia_raw,fra|fco,1.0,1,1.0,1.0,
tipologia_raw,fru|blq,1.0,1,1.0,1.0,
tipologia_raw,fuk|fco,0.0,1,0.0,0.0,
tipologia_raw,gig|fco,0.0,3,0.0,0.0,0.0
tipologia_raw,gig|lin,2.0,2,1.0,1.0,0.0
tipologia_raw,gla|fco,0.0,1,0.0,0.0,
tipologia_raw,gru|fco,0.0,1,0.0,0.0,
tipologia_raw,gru|flr,0.0,1,0.0,0.0,
tipologia_raw,gru|lin,1.0,1,1.0,1.0,
tipologia_raw,gru|mxp,2.0,2,1.0,1.0,0.0
tipologia_raw,gru|vce,1.0,1,1.0,1.0,
tipologia_raw,gyd|fco,4.0,5,0.8,0.8,1.788854381999832
tipologia_raw,gzt|blq,1.0,1,1.0,1.0,
tipologia_raw,han|mxp,1.0,2,0.5,0.5,0.7071067811865476
tipologia_raw,hgh|fco,0.0,1,0.0,0.0,
tipologia_raw,hkg|mxp,1.0,3,0.3333333333333333,0.3333333333333333,0.5773502691896258
tipologia_raw,hkt|fco,4.0,10,0.4,0.4,0.6992058987801011
tipologia_raw,hkt|mxp,8.0,12,0.6666666666666666,0.6666666666666666,0.6513389472789296
tipologia_raw,hnd|fco,0.0,3,0.0,0.0,0.0
tipologia_raw,hnd|flr,1.0,1,1.0,1.0,
tipologia_raw,hrg|mxp,5.0,7,0.7142857142857143,0.7142857142857143,0.7559289460184544
tipologia_raw,hrg|nap,1.0,1,1.0,1.0,
tipologia_raw,iad|blq,0.0,1,0.0,0.0,
tipologia_raw,iad|fco,0.0,1,0.0,0.0,
tipologia_raw,iad|psa,0.0,1,0.0,0.0,
tipologia_raw,iah|fco,3.0,1,3.0,3.0,
tipologia_raw,iah|mxp,0.0,1,0.0,0.0,
tipologia_raw,icn|fco,0.0,2,0.0,0.0,0.0
tipologia_raw,icn|mxp,0.0,1,0.0,0.0,
tipologia_raw,ifn|blq,1.0,1,1.0,1.0,
tipologia_raw,ifn|mxp,0.0,1,0.0,0.0,
tipologia_raw,ika|bgy,3.0,10,0.3,0.3,0.48304589153964794
tipologia_raw,ika|blq,1.0,1,1.0,1.0,
tipologia_raw,ika|bri,0.0,1,0.0,0.0,
tipologia_raw,ika|fco,42.0,29,1.4482758620689655,1.5,4.646783036961441
tipologia_raw,ika|mxp,51.0,31,1.6451612903225807,1.6451612903225807,1.7804191846636228
tipologia_raw,ika|nap,0.0,1,0.0,0.0,
tipologia_raw,ika|vce,7.0,8,0.875,0.875,1.7268882005337975
tipologia_raw,isb|blq,0.0,1,0.0,0.0,
tipologia_raw,isb|fco,2.0,5,0.4,0.4,0.5477225575051662
tipologia_raw,isb|mxp,6.0,7,0.8571428571428571,0.8571428571428571,0.37796447300922725
tipologia_raw,ist|bgy,2.0,1,2.0,2.0,
tipologia_raw,ist|blq,5.0,18,0.2777777777777778,0.29411764705882354,0.46966821831386213
tipologia_raw,ist|bri,3.0,9,0.3333333333333333,0.3333333333333333,0.5
tipologia_raw,ist|cta,8.0,3,2.6666666666666665,2.6666666666666665,4.618802153517007
tipologia_raw,ist|fco,14.0,21,0.6666666666666666,0.6666666666666666,0.8563488385776753
tipologia_raw,ist|mxp,30.0,35,0.8571428571428571,0.8571428571428571,2.3027203495872786
tipologia_raw,ist|nap,2.0,3,0.6666666666666666,0.6666666666666666,0.5773502691896258
tipologia_raw,ist|trn,0.0,1,0.0,0.0,
tipologia_raw,ist|vce,18.0,18,1.0,1.0,1.2366938848016846
tipologia_raw,jax|fco,0.0,5,0.0,0.0,0.0
tipologia_raw,jax|mxp,0.0,1,0.0,0.0,
tipologia_raw,jed|fco,9.0,31,0.2903225806451613,0.2903225806451613,0.8243602928775247
tipologia_raw,jed|mxp,16.0,34,0.47058823529411764,0.5161290322580645,1.150969670667172
tipologia_raw,jed|vce,3.0,5,0.6,0.6,0.5477225575051661
tipologia_raw,jfk|blq,0.0,4,0.0,0.0,0.0
tipologia_raw,jfk|bri,0.0,1,0.0,0.0,
tipologia_raw,jfk|fco,7.0,28,0.25,0.25,1.1426091000668408
tipologia_raw,jfk|flr,6.0,2,3.0,3.0,4.242640687119285
tipologia_raw,jfk|lin,7.0,11,0.6363636363636364,0.6363636363636364,1.8040358795061298
tipologia_raw,jfk|mxp,21.0,63,0.3333333333333333,0.3387096774193548,0.8860216551233018
tipologia_raw,jfk|pmo,0.0,1,0.0,0.0,
tipologia_raw,jfk|vce,0.0,1,0.0,0.0,
tipologia_raw,kbl|bgy,27.0,35,0.7714285714285715,0.7714285714285715,0.8075276096432459
tipologia_raw,kbl|blq,1.0,1,1.0,1.0,
tipologia_raw,kbl|cta,1.0,4,0.25,0.25,0.5
tipologia_raw,kbl|fco,2.0,10,0.2,0.2,0.4216370213557839
tipologia_raw,kbl|mxp,2.0,4,0.5,0.5,0.5773502691896257
tipologia_raw,kbl|nap,516.0,13,39.69230769230769,39.69230769230769,138.30846239196924
tipologia_raw,kbl|psa,2.0,4,0.5,0.5,0.5773502691896257
tipologia_raw,kbl|vce,0.0,1,0.0,0.0,
tipologia_raw,kch|fco,0.0,1,0.0,0.0,
tipologia_raw,kiv|blq,1.0,2,0.5,0.5,0.7071067811865476
tipologia_raw,kiv|fco,1.0,1,1.0,1.0,
tipologia_raw,kiv|mxp,1.0,2,0.5,0.5,0.7071067811865476
tipologia_raw,kiv|vce,0.0,1,0.0,0.0,
tipologia_raw,kul|fco,0.0,1,0.0,0.0,
tipologia_raw,kul|mxp,0.0,3,0.0,0.0,0.0
tipologia_raw,kul|nap,1.0,1,1.0,1.0,
tipologia_raw,kut|fco,1.0,3,0.3333333333333333,0.3333333333333333,0.5773502691896258
tipologia_raw,kut|mxp,1.0,4,0.25,0.25,0.5
tipologia_raw,kwi|fco,0.0,1,0.0,0.0,
tipologia_raw,kwi|mxp,0.0,5,0.0,0.0,0.0
tipologia_raw,kzn|mxp,0.0,1,0.0,0.0,
tipologia_raw,lad|fco,7.0,19,0.3684210526315789,0.3888888888888889,1.1950332945836273
tipologia_raw,lad|mxp,2.0,8,0.25,0.25,0.46291004988627577
tipologia_raw,las|blq,0.0,1,0.0,0.0,
tipologia_raw,lax|fco,1.0,1,1.0,1.0,
tipologia_raw,lax|lin,0.0,1,0.0,0.0,
tipologia_raw,lcy|flr,2.0,5,0.4,0.4,0.5477225575051661
tipologia_raw,lcy|lin,1.0,7,0.14285714285714285,0.14285714285714285,0.37796447300922725
tipologia_raw,lgw|bgy,4.0,9,0.4444444444444444,0.5,0.5345224838248488
tipologia_raw,lgw|blq,6.0,8,0.75,0.75,1.3887301496588271
tipologia_raw,lgw|cta,8.0,4,2.0,2.0,2.449489742783178
tipologia_raw,lgw|fco,8.0,59,0.13559322033898305,0.13793103448275862,0.605480115775003
tipologia_raw,lgw|flr,6.0,13,0.46153846153846156,0.46153846153846156,0.8770580193070292
tipologia_raw,lgw|lin,1.0,2,0.5,0.5,0.7071067811865476
tipologia_raw,lgw|mxp,28.0,73,0.3835616438356164,0.3835616438356164,1.1502431746072626
tipologia_raw,lgw|nap,3.0,7,0.42857142857142855,0.42857142857142855,0.7867957924694432
tipologia_raw,lgw|psa,6.0,14,0.42857142857142855,0.42857142857142855,1.3424596091494903
tipologia_raw,lgw|trn,17.0,19,0.8947368421052632,0.9444444444444444,1.7311071677235326
tipologia_raw,lgw|vce,8.0,33,0.24242424242424243,0.24242424242424243,0.5018903659106633
tipologia_raw,lgw|vrn,7.0,20,0.35,0.35,0.7451598203705946
tipologia_raw,lhr|blq,7.0,21,0.3333333333333333,0.3333333333333333,0.7958224257542214
tipologia_raw,lhr|bri,0.0,2,0.0,0.0,0.0
tipologia_raw,lhr|cag,0.0,1,0.0,0.0,
tipologia_raw,lhr|fco,0.0,13,0.0,0.0,0.0
tipologia_raw,lhr|lin,1.0,18,0.05555555555555555,0.058823529411764705,0.24253562503633297
tipologia_raw,lhr|mxp,3.0,18,0.16666666666666666,0.16666666666666666,0.5144957554275265
tipologia_raw,lhr|nap,0.0,2,0.0,0.0,0.0
tipologia_raw,lhr|psa,0.0,4,0.0,0.0,0.0
tipologia_raw,lhr|trn,0.0,2,0.0,0.0,0.0
tipologia_raw,lhr|vce,0.0,3,0.0,0.0,0.0
tipologia_raw,los|fco,0.0,1,0.0,0.0,
tipologia_raw,lpl|cia,0.0,1,0.0,0.0,
tipologia_raw,lrm|fco,1.0,1,1.0,1.0,
tipologia_raw,lrm|mxp,5.0,7,0.7142857142857143,0.7142857142857143,0.7559289460184544
tipologia_raw,ltn|blq,11.0,17,0.6470588235294118,0.6470588235294118,1.4552137502179976
tipologia_raw,ltn|cta,0.0,4,0.0,0.0,0.0
tipologia_raw,ltn|mxp,10.0,19,0.5263157894736842,0.5263157894736842,1.0202625507753482
tipologia_raw,ltn|nap,4.0,2,2.0,2.0,2.8284271247461903
tipologia_raw,ltn|trn,2.0,6,0.3333333333333333,0.3333333333333333,0.816496580927726
tipologia_raw,ltn|tsf,0.0,6,0.0,0.0,0.0
tipologia_raw,man|bgy,3.0,20,0.15,0.15,0.3663475485325232
tipologia_raw,man|blq,7.0,14,0.5,0.5,0.8548504142651103
tipologia_raw,man|cia,2.0,10,0.2,0.2,0.4216370213557839
tipologia_raw,man|fco,0.0,6,0.0,0.0,0.0
tipologia_raw,man|mxp,5.0,18,0.2777777777777778,0.2777777777777778,0.5745131499601417
tipologia_raw,man|nap,1.0,2,0.5,1.0,
tipologia_raw,man|psa,0.0,9,0.0,0.0,0.0
tipologia_raw,man|trn,1.0,3,0.3333333333333333,0.5,0.7071067811865476
tipologia_raw,man|vce,3.0,5,0.6,0.6,0.5477225575051661
tipologia_raw,mba|bri,0.0,1,0.0,0.0,
tipologia_raw,mba|fco,0.0,4,0.0,0.0,0.0
tipologia_raw,mba|mxp,3.0,4,0.75,0.75,0.5
tipologia_raw,mct|mxp,0.0,1,0.0,0.0,
tipologia_raw,mct|nap,0.0,2,0.0,0.0,0.0
tipologia_raw,med|blq,0.0,1,0.0,0.0,
tipologia_raw,med|fco,0.0,2,0.0,0.0,0.0
tipologia_raw,med|mxp,0.0,1,0.0,0.0,
tipologia_raw,mel|blq,0.0,1,0.0,0.0,
tipologia_raw,mel|fco,1.0,2,0.5,0.5,0.7071067811865476
tipologia_raw,mel|mxp,1.0,3,0.3333333333333333,0.3333333333333333,0.5773502691896258
tipologia_raw,mex|fco,1.0,3,0.3333333333333333,0.3333333333333333,0.5773502691896258
tipologia_raw,mex|flr,0.0,1,0.0,0.0,
tipologia_raw,mhd|bgy,1.0,1,1.0,1.0,
tipologia_raw,mhd|fco,1.0,5,0.2,0.2,0.447213595499958
tipologia_raw,mhd|mxp,0.0,5,0.0,0.0,0.0
tipologia_raw,mhd|vce,1.0,1,1.0,1.0,
tipologia_raw,mia|bri,0.0,1,0.0,0.0,
tipologia_raw,mia|fco,1.0,11,0.09090909090909091,0.09090909090909091,0.30151134457776363
tipologia_raw,mia|flr,1.0,1,1.0,1.0,
tipologia_raw,mia|lin,2.0,1,2.0,2.0,
tipologia_raw,mia|mxp,1.0,2,0.5,0.5,0.7071067811865476
tipologia_raw,mia|nap,0.0,1,0.0,0.0,
tipologia_raw,mji|fco,0.0,1,0.0,0.0,
tipologia_raw,mle|bgy,2.0,3,0.6666666666666666,0.6666666666666666,0.5773502691896258
tipologia_raw,mle|blq,1.0,4,0.25,0.25,0.5
tipologia_raw,mle|fco,2.0,7,0.2857142857142857,0.2857142857142857,0.7559289460184545
tipologia_raw,mle|lin,1.0,3,0.3333333333333333,0.3333333333333333,0.5773502691896258
tipologia_raw,mle|mxp,10.0,23,0.43478260869565216,0.43478260869565216,0.5068698018697019
tipologia_raw,mle|pmo,0.0,1,0.0,0.0,
tipologia_raw,mle|psa,0.0,1,0.0,0.0,
tipologia_raw,mle|vce,2.0,3,0.6666666666666666,0.6666666666666666,0.5773502691896258
tipologia_raw,mle|vrn,0.0,2,0.0,0.0,0.0
tipologia_raw,mnl|fco,1.0,1,1.0,1.0,
tipologia_raw,mnl|mxp,1.0,2,0.5,0.5,0.7071067811865476
tipologia_raw,mpm|fco,0.0,1,0.0,0.0,
tipologia_raw,mru|fco,0.0,4,0.0,0.0,0.0
tipologia_raw,mru|mxp,0.0,1,0.0,0.0,
tipologia_raw,mru|vce,1.0,1,1.0,1.0,
tipologia_raw,myr|mxp,0.0,1,0.0,0.0,
tipologia_raw,nav|mxp,1.0,1,1.0,1.0,
tipologia_raw,nbo|blq,0.0,1,0.0,0.0,
tipologia_raw,nbo|vce,0.0,1,0.0,0.0,
tipologia_raw,ncl|bgy,3.0,4,0.75,0.75,0.5
tipologia_raw,ncl|fco,0.0,2,0.0,0.0,0.0
tipologia_raw,nos|mxp,1.0,1,1.0,1.0,
tipologia_raw,nrt|cta,0.0,1,0.0,0.0,
tipologia_raw,nrt|mxp,0.0,2,0.0,0.0,0.0
tipologia_raw,nrt|vce,1.0,1,1.0,1.0,
tipologia_raw,nsi|blq,0.0,1,0.0,0.0,
tipologia_raw,ord|fco,0.0,2,0.0,0.0,0.0
tipologia_raw,ord|mxp,1.0,2,0.5,0.5,0.7071067811865476
tipologia_raw,oua|blq,2.0,1,2.0,2.0,
tipologia_raw,oxb|blq,0.0,1,0.0,0.0,
tipologia_raw,pek|fco,0.0,2,0.0,0.0,0.0
tipologia_raw,pek|mxp,1.0,3,0.3333333333333333,0.3333333333333333,0.5773502691896258
tipologia_raw,per|mxp,,1,,,
tipologia_raw,pew|bgy,0.0,2,0.0,0.0,0.0
tipologia_raw,pew|fco,0.0,1,0.0,0.0,
tipologia_raw,pew|mxp,9.0,6,1.5,1.5,1.224744871391589
tipologia_raw,phl|fco,1.0,2,0.5,0.5,0.7071067811865476
tipologia_raw,pkx|fco,0.0,2,0.0,0.0,0.0
tipologia_raw,poa|lin,0.0,1,0.0,0.0,
tipologia_raw,prn|mxp,24.0,29,0.8275862068965517,0.8571428571428571,1.0440053112638317
tipologia_raw,pvg|fco,6.0,5,1.2,1.2,2.6832815729997477
tipologia_raw,pvg|mxp,6.0,2,3.0,3.0,2.8284271247461903
tipologia_raw,pvr|fco,0.0,1,0.0,0.0,
tipologia_raw,rak|bgy,6.0,7,0.8571428571428571,0.8571428571428571,1.864454471471609
tipologia_raw,rak|blq,1.0,1,1.0,1.0,
tipologia_raw,rak|cia,4.0,5,0.8,0.8,1.7888543819998317
tipologia_raw,rak|fco,0.0,3,0.0,0.0,0.0
tipologia_raw,rak|mxp,1.0,8,0.125,0.125,0.3535533905932738
tipologia_raw,rak|psa,2.0,3,0.6666666666666666,0.6666666666666666,0.5773502691896258
tipologia_raw,rec|mxp,0.0,1,0.0,0.0,
tipologia_raw,rmf|bgy,1.0,2,0.5,0.5,0.7071067811865476
tipologia_raw,rmf|blq,0.0,1,0.0,0.0,
tipologia_raw,rmf|mxp,12.0,10,1.2,1.2,2.043961295567452
tipologia_raw,rmf|vrn,0.0,3,0.0,0.0,0.0
tipologia_raw,rmo|bgy,0.0,1,0.0,0.0,
tipologia_raw,rmo|blq,2.0,6,0.3333333333333333,0.3333333333333333,0.5163977794943223
tipologia_raw,rmo|fco,0.0,2,0.0,0.0,0.0
tipologia_raw,rmo|mxp,2.0,3,0.6666666666666666,0.6666666666666666,0.5773502691896258
tipologia_raw,rmo|pmf,0.0,1,0.0,0.0,
tipologia_raw,rmo|vrn,1.0,1,1.0,1.0,
tipologia_raw,ruh|fco,4.0,13,0.3076923076923077,0.3076923076923077,0.48038446141526137
tipologia_raw,ruh|mxp,0.0,2,0.0,0.0,0.0
tipologia_raw,ruh|nap,0.0,1,0.0,0.0,
tipologia_raw,ruh|vce,5.0,2,2.5,2.5,3.5355339059327378
tipologia_raw,saw|bgy,81.0,84,0.9642857142857143,0.9759036144578314,1.3432387472299732
tipologia_raw,saw|blq,33.0,33,1.0,1.0,1.5612494995995998
tipologia_raw,saw|fco,57.0,78,0.7307692307692307,0.7402597402597403,1.2711639651847206
tipologia_raw,saw|vce,2.0,14,0.14285714285714285,0.14285714285714285,0.36313651960128146
tipologia_raw,scl|mxp,0.0,1,0.0,0.0,
tipologia_raw,sdu|mxp,0.0,1,0.0,0.0,
tipologia_raw,sgn|fco,0.0,2,0.0,0.0,
tipologia_raw,sgn|mxp,0.0,1,0.0,0.0,
tipologia_raw,shj|bgy,5.0,15,0.3333333333333333,0.3333333333333333,0.6172133998483676
tipologia_raw,sin|fco,1.0,2,0.5,0.5,0.7071067811865476
tipologia_raw,sin|mxp,1.0,2,0.5,0.5,0.7071067811865476
tipologia_raw,sjj|fco,0.0,1,0.0,0.0,
tipologia_raw,skg|blq,1.0,2,0.5,0.5,0.7071067811865476
tipologia_raw,skg|fco,0.0,1,0.0,0.0,
tipologia_raw,skp|blq,1.0,4,0.25,0.25,0.5
tipologia_raw,skp|fco,6.0,11,0.5454545454545454,0.5454545454545454,1.507556722888818
tipologia_raw,skp|mxp,3.0,9,0.3333333333333333,0.3333333333333333,0.7071067811865476
tipologia_raw,skp|vce,3.0,7,0.42857142857142855,0.42857142857142855,0.5345224838248488
tipologia_raw,skt|bgy,0.0,1,0.0,0.0,
tipologia_raw,smf|mxp,0.0,1,0.0,0.0,
tipologia_raw,sof|blq,1.0,1,1.0,1.0,
tipologia_raw,spx|fco,0.0,8,0.0,0.0,0.0
tipologia_raw,spx|mxp,7.0,5,1.4,1.4,1.6733200530681511
tipologia_raw,ssa|mxp,1.0,1,1.0,1.0,
tipologia_raw,ssh|blq,5.0,8,0.625,0.625,0.5175491695067657
tipologia_raw,ssh|bri,0.0,1,0.0,0.0,
tipologia_raw,ssh|cta,1.0,3,0.3333333333333333,0.3333333333333333,0.5773502691896258
tipologia_raw,ssh|fco,11.0,13,0.8461538461538461,0.8461538461538461,1.143543749793731
tipologia_raw,ssh|mxp,40.0,48,0.8333333333333334,0.8333333333333334,0.9964475909040271
tipologia_raw,ssh|nap,5.0,3,1.6666666666666667,1.6666666666666667,2.8867513459481287
tipologia_raw,ssh|vce,2.0,5,0.4,0.4,0.5477225575051661
tipologia_raw,ssh|vrn,3.0,2,1.5,1.5,0.7071067811865476
tipologia_raw,stn|aoi,2.0,7,0.2857142857142857,0.2857142857142857,0.48795003647426666
tipologia_raw,stn|bds,0.0,4,0.0,0.0,0.0
tipologia_raw,stn|bgy,36.0,106,0.33962264150943394,0.34615384615384615,0.9529640094389896
tipologia_raw,stn|blq,17.0,40,0.425,0.4358974358974359,1.095321913624911
tipologia_raw,stn|bri,11.0,16,0.6875,0.7857142857142857,1.5776599725577718
tipologia_raw,stn|cag,0.0,1,0.0,0.0,
tipologia_raw,stn|cia,20.0,51,0.39215686274509803,0.39215686274509803,1.2502548759760792
tipologia_raw,stn|cta,0.0,3,0.0,0.0,0.0
tipologia_raw,stn|fco,0.0,3,0.0,0.0,0.0
tipologia_raw,stn|goa,3.0,20,0.15,0.15,0.36634754853252327
tipologia_raw,stn|mxp,41.0,65,0.6307692307692307,0.640625,1.2893604603932123
tipologia_raw,stn|nap,1.0,8,0.125,0.125,0.3535533905932738
tipologia_raw,stn|peg,3.0,17,0.17647058823529413,0.17647058823529413,0.3929526239966879
tipologia_raw,stn|pmo,0.0,5,0.0,0.0,0.0
tipologia_raw,stn|psa,19.0,38,0.5,0.5135135135135135,1.193073100620169
tipologia_raw,stn|psr,7.0,10,0.7,0.7777777777777778,1.3944333775567928
tipologia_raw,stn|suf,0.0,1,0.0,0.0,
tipologia_raw,stn|trn,6.0,33,0.18181818181818182,0.1875,0.396557769456266
tipologia_raw,stn|trs,3.0,6,0.5,0.5,0.8366600265340756
tipologia_raw,stn|vce,15.0,47,0.3191489361702128,0.3191489361702128,0.810431526993179
tipologia_raw,stn|vrn,7.0,21,0.3333333333333333,0.3333333333333333,0.9128709291752769
tipologia_raw,svo|mxp,1.0,1,1.0,1.0,
tipologia_raw,syd|fco,1.0,4,0.25,0.3333333333333333,0.5773502691896258
tipologia_raw,syd|mxp,1.0,2,0.5,0.5,0.7071067811865476
tipologia_raw,syr|mxp,0.0,1,0.0,0.0,
tipologia_raw,syz|pmo,0.0,1,0.0,0.0,
tipologia_raw,szx|mxp,0.0,1,0.0,0.0,
tipologia_raw,tas|fco,0.0,1,0.0,0.0,
tipologia_raw,tbs|bgy,0.0,1,0.0,0.0,
tipologia_raw,tbs|fco,1.0,1,1.0,1.0,
tipologia_raw,tfu|fco,0.0,2,0.0,0.0,0.0
tipologia_raw,tgd|blq,0.0,1,0.0,0.0,
tipologia_raw,tgd|fco,0.0,4,0.0,0.0,0.0
tipologia_raw,tgd|mxp,90.0,18,5.0,5.625,14.867750334196497
tipologia_raw,tia|aoi,985.0,55,17.90909090909091,18.24074074074074,22.75624333587829
tipologia_raw,tia|bds,58.0,17,3.411764705882353,3.411764705882353,2.450990196058824
tipologia_raw,tia|bgy,4793.0,297,16.13804713804714,16.358361774744026,16.330215294159544
tipologia_raw,tia|blq,4138.0,231,17.913419913419915,18.149122807017545,16.108788996308295
tipologia_raw,tia|bri,884.0,122,7.245901639344262,7.305785123966942,11.005940044060003
tipologia_raw,tia|cag,2.0,17,0.11764705882352941,0.11764705882352941,0.3321055820775357
tipologia_raw,tia|cia,1079.0,81,13.320987654320987,13.658227848101266,18.21797230121762
tipologia_raw,tia|ciy,122.0,10,12.2,12.2,7.130529043797835
tipologia_raw,tia|cta,682.0,133,5.12781954887218,5.246153846153846,9.116014988934225
tipologia_raw,tia|fco,1169.0,227,5.149779735682819,5.242152466367713,12.894394998333407
tipologia_raw,tia|flr,86.0,12,7.166666666666667,7.818181818181818,9.568888982720845
tipologia_raw,tia|goa,1338.0,75,17.84,17.84,32.3093325986931
tipologia_raw,tia|lin,6.0,7,0.8571428571428571,0.8571428571428571,1.864454471471609
tipologia_raw,tia|mxp,3282.0,220,14.918181818181818,15.194444444444445,16.522265925648014
tipologia_raw,tia|nap,340.0,38,8.947368421052632,9.18918918918919,14.510222139807047
tipologia_raw,tia|peg,713.0,30,23.766666666666666,23.766666666666666,27.070385056855706
tipologia_raw,tia|pmo,1.0,9,0.1111111111111111,0.1111111111111111,0.33333333333333337
tipologia_raw,tia|psa,3762.0,199,18.90452261306533,19.492227979274613,17.284723255843236
tipologia_raw,tia|psr,503.0,33,15.242424242424242,15.71875,15.649867308517143
tipologia_raw,tia|reg,0.0,2,0.0,0.0,0.0
tipologia_raw,tia|rmi,417.0,26,16.03846153846154,16.03846153846154,4.367889826731157
tipologia_raw,tia|suf,23.0,13,1.7692307692307692,1.7692307692307692,2.7735009811261455
tipologia_raw,tia|trn,1597.0,80,19.9625,19.9625,17.98764959561653
tipologia_raw,tia|trs,209.0,18,11.61111111111111,11.61111111111111,13.64740392847402
tipologia_raw,tia|tsf,2239.0,176,12.721590909090908,12.867816091954023,15.172983247750016
tipologia_raw,tia|vce,205.0,22,9.318181818181818,9.761904761904763,7.73243016072413
tipologia_raw,tia|vrn,6966.0,90,77.4,78.26966292134831,528.1920011623903
tipologia_raw,tlv|bgy,1.0,1,1.0,1.0,
tipologia_raw,tlv|fco,0.0,1,0.0,0.0,
tipologia_raw,tlv|mxp,0.0,2,0.0,0.0,0.0
tipologia_raw,tng|bgy,0.0,1,0.0,0.0,
tipologia_raw,tpa|bds,0.0,1,0.0,0.0,
tipologia_raw,tpa|fco,1.0,2,0.5,0.5,0.7071067811865476
tipologia_raw,tpe|fco,0.0,1,0.0,0.0,
tipologia_raw,tsa|fco,0.0,1,0.0,0.0,
tipologia_raw,tun|blq,0.0,1,0.0,0.0,
tipologia_raw,tun|fco,7.0,10,0.7,0.7,1.888562063228706
tipologia_raw,tun|mxp,3.0,4,0.75,0.75,0.5
tipologia_raw,tun|vce,0.0,1,0.0,0.0,
tipologia_raw,vko|blq,1.0,2,0.5,0.5,0.7071067811865476
tipologia_raw,yeg|mxp,1.0,1,1.0,1.0,
tipologia_raw,yhz|fco,5.0,1,5.0,5.0,
tipologia_raw,yul|fco,1.0,1,1.0,1.0,
tipologia_raw,yul|mxp,0.0,1,0.0,0.0,
tipologia_raw,yvr|fco,0.0,2,0.0,0.0,0.0
tipologia_raw,ywg|fco,0.0,1,0.0,0.0,
tipologia_raw,yyc|fco,0.0,1,0.0,0.0,
tipologia_raw,yyz|fco,1.0,10,0.1,0.1,0.31622776601683794
tipologia_raw,yyz|mxp,0.0,4,0.0,0.0,0.0
tipologia_raw,znz|fco,3.0,8,0.375,0.375,0.5175491695067657
tipologia_raw,znz|mxp,0.0,2,0.0,0.0,0.0
tipologia_raw,znz|psa,0.0,1,0.0,0.0,
tipologia_raw,znz|vce,0.0,1,0.0,0.0,
tipologia_raw,znz|vrn,0.0,2,0.0,0.0,0.0
